record_id,canonical_id,node_family,node_type,execution_role,task_id,runtime_figure_id,manuscript_figure_id,code_entry,schema_source,dependencies,edge_semantics,expected_outputs,evidence_paths,artifact_seed_dirs,authority_tier,provenance_link,conclusion_status,result_statements,task_conclusion_zh,limitations,source_audit
task-001,fig1.trial_specs,fig1,DAG Task,producer,trial_specs,fig1,Fig.2（经 redesign；内部 fig1）,src/experiments/paper_figures/fig1/run_task.py --task trial_specs,src/experiments/paper_figures/fig1/schemas.py,[],[],"[""基线、延迟解码与 DMS 条件的试验规格""]","[""results/multi_seed_rollout/fig1/fig1_functional_stsp_substrate/seed_*/data/intermediates/trial_specs/""]",20,exploratory,direct,operational-only,"[""20/20 seed artifact 目录存在，并按任务合同记录 manifest/cache key 或 digest。""]",trial_specs 的基线、延迟解码与 DMS 条件的试验规格已在 20/20 个 seed 持久化并可按任务身份寻址；任务结论仅为该父工件/规格可供下游复用，不附加跨任务科学推断。,未执行重放；数值与参数边界以对应 run_config、manifest 和 ledger evidence path 为准。,parent-direct:code+results+manifests
task-002,fig1.baseline,fig1,DAG Task,metric/analysis,baseline,fig1,Fig.2（经 redesign；内部 fig1）,src/experiments/paper_figures/fig1/run_task.py --task baseline,src/experiments/paper_figures/fig1/schemas.py,"[""fig1.trial_specs""]","[""requires""]","[""网络基线准确率评估""]","[""results/paper_figure_multi_seed/fig1_functional_stsp_substrate/fig1_functional_stsp_substrate/seed_*/data/""]",0,active-parent,inferred,bounded,"[""final-six fig1 panel b 从 20 个网络的 baseline metrics 物化；描述均值为 90.945%。""]",baseline 任务的 20 网络基线指标被 final-six 直接消费，描述均值为 90.945%；该结论只说明被测网络在固定基线协议下的表现。,未执行重放；数值与参数边界以对应 run_config、manifest 和 ledger evidence path 为准。,parent-direct:code+results+manifests
task-003,fig1.delay_feature_bank,fig1,DAG Task,metric/analysis,delay_feature_bank,fig1,Fig.2（经 redesign；内部 fig1）,src/experiments/paper_figures/fig1/run_task.py --task delay_feature_bank,src/experiments/paper_figures/fig1/schemas.py,"[""fig1.trial_specs""]","[""requires""]","[""跨延迟的 STSP u/x 特征库""]",[],0,exploratory,none,unavailable,"[""本快照未找到按 fig1.delay_feature_bank 身份可归属且满足当前合同的结果产物。""]",delay_feature_bank 已在当前源码注册为跨延迟的 STSP u/x 特征库，但本快照未找到可直接归属且满足合同的结果文件，因此该任务目前不可形成可验证结果结论。,20-seed runtime 根没有独立 artifact 目录；delay decoder 的历史 bundle 不能替代该父工件身份。,parent-direct:code+results+manifests
task-004,fig1.delay_decoder,fig1,DAG Task,metric/analysis,delay_decoder,fig1,Fig.2（经 redesign；内部 fig1）,src/experiments/paper_figures/fig1/run_task.py --task delay_decoder,src/experiments/paper_figures/fig1/schemas.py,"[""fig1.trial_specs"",""fig1.delay_feature_bank""]","[""requires"",""requires""]","[""由延迟期 STSP 特征解码类别""]","[""results/paper_figure_multi_seed/fig1_functional_stsp_substrate/fig1_functional_stsp_substrate/seed_*/data/""]",0,active-parent,inferred,bounded,"[""final-six fig1 panel d 的延迟解码行均为 descriptive_only；20 网络源文件齐全。""]",delay_decoder 的 20 网络输出被 final-six 作为 descriptive_only 延迟期 u/x 解码证据使用；结论限于固定延迟与解码协议，不外推为持续放电。,未执行重放；数值与参数边界以对应 run_config、manifest 和 ledger evidence path 为准。,parent-direct:code+results+manifests
task-005,fig1.dms_boundary_bank,fig1,DAG Task,producer,dms_boundary_bank,fig1,Fig.2（经 redesign；内部 fig1）,src/experiments/paper_figures/fig1/run_task.py --task dms_boundary_bank,src/experiments/paper_figures/fig1/schemas.py,"[""fig1.trial_specs""]","[""requires""]","[""DMS 延迟边界的全层状态快照库""]","[""results/multi_seed_rollout/fig1/fig1_functional_stsp_substrate/seed_*/data/intermediates/dms_boundary_bank/""]",20,exploratory,direct,operational-only,"[""20/20 seed artifact 目录存在，并按任务合同记录 manifest/cache key 或 digest。""]",dms_boundary_bank 的DMS 延迟边界的全层状态快照库已在 20/20 个 seed 持久化并可按任务身份寻址；任务结论仅为该父工件/规格可供下游复用，不附加跨任务科学推断。,未执行重放；数值与参数边界以对应 run_config、manifest 和 ledger evidence path 为准。,parent-direct:code+results+manifests
task-006,fig1.dms_shuffle_readout,fig1,DAG Task,metric/analysis,dms_shuffle_readout,fig1,Fig.2（经 redesign；内部 fig1）,src/experiments/paper_figures/fig1/run_task.py --task dms_shuffle_readout,src/experiments/paper_figures/fig1/schemas.py,"[""fig1.trial_specs"",""fig1.dms_boundary_bank""]","[""requires"",""requires""]","[""DMS u/x 交换与 shuffle 条件读出""]","[""results/paper_figure_multi_seed/fig1_functional_stsp_substrate/fig1_functional_stsp_substrate/seed_*/data/""]",0,active-parent,inferred,bounded,"[""在 20-seed 历史/活动 parent bundle 中找到与DMS u/x 交换与 shuffle 条件读出对应的输出。""]",dms_shuffle_readout 的 20 网络试验级输出被 final-six panel e 使用，支持在既定交换条件下区分 u/x 组成贡献；这里只保留任务级描述，不作跨任务归因。,未执行重放；数值与参数边界以对应 run_config、manifest 和 ledger evidence path 为准。,parent-direct:code+results+manifests
task-007,fig1.dms_delay_sweep_readout,fig1,DAG Task,metric/analysis,dms_delay_sweep_readout,fig1,Fig.2（经 redesign；内部 fig1）,src/experiments/paper_figures/fig1/run_task.py --task dms_delay_sweep_readout,src/experiments/paper_figures/fig1/schemas.py,"[""fig1.trial_specs"",""fig1.dms_boundary_bank""]","[""requires"",""requires""]","[""DMS 功能效应的延迟扫描""]","[""results/paper_figure_multi_seed/fig1_functional_stsp_substrate/fig1_functional_stsp_substrate/seed_*/data/""]",0,active-parent,inferred,bounded,"[""在 20-seed 历史/活动 parent bundle 中找到与DMS 功能效应的延迟扫描对应的输出。""]",dms_delay_sweep_readout 的DMS 功能效应的延迟扫描输出在可追踪 bundle 中存在；当前任务级结论限于该输出已生成且可定位，不把它升级为跨任务或稿件级综合结论。,未执行重放；数值与参数边界以对应 run_config、manifest 和 ledger evidence path 为准。,parent-direct:code+results+manifests
task-008,fig1.firing_rate_control,fig1,DAG Task,metric/analysis,firing_rate_control,fig1,Fig.2（经 redesign；内部 fig1）,src/experiments/paper_figures/fig1/run_task.py --task firing_rate_control,src/experiments/paper_figures/fig1/schemas.py,"[""fig1.trial_specs"",""fig1.dms_boundary_bank""]","[""requires"",""requires""]","[""阶段级放电率控制""]","[""results/paper_figure_multi_seed/fig1_functional_stsp_substrate/fig1_functional_stsp_substrate/seed_*/data/""]",0,active-parent,inferred,bounded,"[""在 20-seed 历史/活动 parent bundle 中找到与阶段级放电率控制对应的输出。""]",firing_rate_control 的阶段级放电率控制输出在可追踪 bundle 中存在；当前任务级结论限于该输出已生成且可定位，不把它升级为跨任务或稿件级综合结论。,未执行重放；数值与参数边界以对应 run_config、manifest 和 ledger evidence path 为准。,parent-direct:code+results+manifests
task-009,fig1.time_binned_firing_rate_control,fig1,DAG Task,metric/analysis,time_binned_firing_rate_control,fig1,Fig.2（经 redesign；内部 fig1）,src/experiments/paper_figures/fig1/run_task.py --task time_binned_firing_rate_control,src/experiments/paper_figures/fig1/schemas.py,"[""fig1.trial_specs""]","[""requires""]","[""时间分箱放电率控制""]","[""results/paper_figure_multi_seed/fig1_functional_stsp_substrate/fig1_functional_stsp_substrate/seed_*/data/"",""results/multi_seed_rollout/fig1_time_binned_firing/seed_*/data/metrics/supp_time_binned_firing_rates.csv""]",0,active-parent,direct,bounded,"[""main source manifest 直接列出 20 个 supp_time_binned_firing_rates.csv，当前均存在。""]",time_binned_firing_rate_control 的时间分箱放电率控制输出在可追踪 bundle 中存在；当前任务级结论限于该输出已生成且可定位，不把它升级为跨任务或稿件级综合结论。,未执行重放；数值与参数边界以对应 run_config、manifest 和 ledger evidence path 为准。,parent-direct:code+results+manifests
task-010,fig2.all,fig2,DAG Task,aggregate,all,fig2,Fig.3,src/experiments/paper_figures/fig2/run_task.py --task all,src/experiments/paper_figures/fig2/schemas.py,"[""fig2.state_bank"",""fig2.crossfit_interaction"",""fig2.crossfit_null_calibration"",""fig2.morphology"",""fig2.linear_mixture"",""fig2.neutral_ping"",""fig2.partial_cue"",""fig2.ping_sweep"",""fig2.completion_delay_sweep"",""fig2.supplement""]","[""orchestrates"",""orchestrates"",""orchestrates"",""orchestrates"",""orchestrates"",""orchestrates"",""orchestrates"",""orchestrates"",""orchestrates"",""orchestrates""]","[""pair-state 主链的全任务聚合入口""]","[""results/paper_figure_multi_seed/fig2_pair_fused_stsp_state/fig2_pair_fused_stsp_state/seed_*/data/""]",0,exploratory,inferred,operational-only,"[""该入口在源码中编排 10 个直接子依赖；自身无独立 artifact digest。""]",all 只作为pair-state 主链的全任务聚合入口调度子任务；当前证据仅支持其操作性覆盖，不产生独立科学结论。,未执行重放；数值与参数边界以对应 run_config、manifest 和 ledger evidence path 为准。,parent-direct:code+results+manifests
task-011,fig2.pair_trial_specs,fig2,DAG Task,producer,pair_trial_specs,fig2,Fig.3,src/experiments/paper_figures/fig2/run_task.py --task pair_trial_specs,src/experiments/paper_figures/fig2/schemas.py,[],[],"[""配对试验与候选池规格""]","[""results/multi_seed_rollout/fig2/fig2_pair_fused_stsp_state/seed_*/data/intermediates/pair_trial_specs/""]",20,active-parent,direct,operational-only,"[""20/20 seed artifact 目录存在，并按任务合同记录 manifest/cache key 或 digest。""]",pair_trial_specs 的配对试验与候选池规格已在 20/20 个 seed 持久化并可按任务身份寻址；任务结论仅为该父工件/规格可供下游复用，不附加跨任务科学推断。,未执行重放；数值与参数边界以对应 run_config、manifest 和 ledger evidence path 为准。,parent-direct:code+results+manifests
task-012,fig2.state_bank,fig2,DAG Task,producer,state_bank,fig2,Fig.3,src/experiments/paper_figures/fig2/run_task.py --task state_bank,src/experiments/paper_figures/fig2/schemas.py,"[""fig2.pair_trial_specs""]","[""requires""]","[""配对经历后的多层状态库""]","[""results/multi_seed_rollout/fig2/fig2_pair_fused_stsp_state/seed_*/data/intermediates/state_bank/""]",20,active-parent,direct,operational-only,"[""20/20 seed artifact 目录存在，并按任务合同记录 manifest/cache key 或 digest。""]",state_bank 的配对经历后的多层状态库已在 20/20 个 seed 持久化并可按任务身份寻址；任务结论仅为该父工件/规格可供下游复用，不附加跨任务科学推断。,未执行重放；数值与参数边界以对应 run_config、manifest 和 ledger evidence path 为准。,parent-direct:code+results+manifests
task-013,fig2.crossfit_split_specs,fig2,DAG Task,producer,crossfit_split_specs,fig2,Fig.3,src/experiments/paper_figures/fig2/run_task.py --task crossfit_split_specs,src/experiments/paper_figures/fig2/schemas.py,"[""fig2.pair_trial_specs""]","[""requires""]","[""跨拟合折分规格""]","[""results/multi_seed_rollout/fig2/fig2_pair_fused_stsp_state/seed_*/data/intermediates/crossfit_split_specs/""]",20,active-parent,direct,operational-only,"[""20/20 seed artifact 目录存在，并按任务合同记录 manifest/cache key 或 digest。""]",crossfit_split_specs 的跨拟合折分规格已在 20/20 个 seed 持久化并可按任务身份寻址；任务结论仅为该父工件/规格可供下游复用，不附加跨任务科学推断。,未执行重放；数值与参数边界以对应 run_config、manifest 和 ledger evidence path 为准。,parent-direct:code+results+manifests
task-014,fig2.crossfit_interaction,fig2,DAG Task,metric/analysis,crossfit_interaction,fig2,Fig.3,src/experiments/paper_figures/fig2/run_task.py --task crossfit_interaction,src/experiments/paper_figures/fig2/schemas.py,"[""fig2.pair_trial_specs"",""fig2.state_bank"",""fig2.crossfit_split_specs""]","[""requires"",""requires"",""requires""]","[""跨拟合交互项度量""]","[""results/paper_figure_multi_seed/fig2_pair_fused_stsp_state/fig2_pair_fused_stsp_state/seed_*/data/""]",0,active-parent,direct,bounded,"[""20-seed legacy bundle 含 network/fold/pair 三层 crossfit interaction 表及分析规格。""]",crossfit_interaction 的跨拟合交互项度量输出在可追踪 bundle 中存在；当前任务级结论限于该输出已生成且可定位，不把它升级为跨任务或稿件级综合结论。,未执行重放；数值与参数边界以对应 run_config、manifest 和 ledger evidence path 为准。,parent-direct:code+results+manifests
task-015,fig2.crossfit_null_specs,fig2,DAG Task,producer,crossfit_null_specs,fig2,Fig.3,src/experiments/paper_figures/fig2/run_task.py --task crossfit_null_specs,src/experiments/paper_figures/fig2/schemas.py,"[""fig2.pair_trial_specs"",""fig2.crossfit_split_specs""]","[""requires"",""requires""]","[""跨拟合零模型规格""]","[""results/multi_seed_rollout/fig2/fig2_pair_fused_stsp_state/seed_*/data/intermediates/crossfit_null_specs/""]",20,active-parent,direct,operational-only,"[""20/20 seed artifact 目录存在，并按任务合同记录 manifest/cache key 或 digest。""]",crossfit_null_specs 的跨拟合零模型规格已在 20/20 个 seed 持久化并可按任务身份寻址；任务结论仅为该父工件/规格可供下游复用，不附加跨任务科学推断。,未执行重放；数值与参数边界以对应 run_config、manifest 和 ledger evidence path 为准。,parent-direct:code+results+manifests
task-016,fig2.crossfit_null_calibration,fig2,DAG Task,metric/analysis,crossfit_null_calibration,fig2,Fig.3,src/experiments/paper_figures/fig2/run_task.py --task crossfit_null_calibration,src/experiments/paper_figures/fig2/schemas.py,"[""fig2.pair_trial_specs"",""fig2.state_bank"",""fig2.crossfit_split_specs"",""fig2.crossfit_null_specs""]","[""requires"",""requires"",""requires"",""requires""]","[""跨拟合零模型校准""]","[""results/paper_figure_multi_seed/fig2_pair_fused_stsp_state/fig2_pair_fused_stsp_state/seed_*/data/""]",0,active-parent,direct,bounded,"[""20-seed legacy bundle 含 supp_crossfit_null_network_metrics.csv 与分析规格。""]",crossfit_null_calibration 的跨拟合零模型校准输出在可追踪 bundle 中存在；当前任务级结论限于该输出已生成且可定位，不把它升级为跨任务或稿件级综合结论。,未执行重放；数值与参数边界以对应 run_config、manifest 和 ledger evidence path 为准。,parent-direct:code+results+manifests
task-017,fig2.morphology,fig2,DAG Task,metric/analysis,morphology,fig2,Fig.3,src/experiments/paper_figures/fig2/run_task.py --task morphology,src/experiments/paper_figures/fig2/schemas.py,"[""fig2.state_bank""]","[""requires""]","[""双项目保留与配对形态组织""]","[""results/paper_figure_multi_seed/fig2_pair_fused_stsp_state/fig2_pair_fused_stsp_state/seed_*/data/""]",0,active-parent,direct,bounded,"[""legacy bundle 含双项目保留、配对特异性与层级形态表；当前 Fig.6 的部分父数据来自这些表。""]",morphology 的双项目保留与配对形态组织输出在可追踪 bundle 中存在；当前任务级结论限于该输出已生成且可定位，不把它升级为跨任务或稿件级综合结论。,未执行重放；数值与参数边界以对应 run_config、manifest 和 ledger evidence path 为准。,parent-direct:code+results+manifests
task-018,fig2.linear_mixture,fig2,DAG Task,metric/analysis,linear_mixture,fig2,Fig.3,src/experiments/paper_figures/fig2/run_task.py --task linear_mixture,src/experiments/paper_figures/fig2/schemas.py,"[""fig2.state_bank""]","[""requires""]","[""线性混合与残差配对特异性""]","[""results/paper_figure_multi_seed/fig2_pair_fused_stsp_state/fig2_pair_fused_stsp_state/seed_*/data/""]",0,active-parent,conflict,conflicted,"[""20 个 panel_d_linear_residual_pair_specificity_metrics.csv 仍在；另有 60 个按 task 输出模式应存在的 fit/null/model-comparison 文件缺失。""]",linear_mixture 仅能由现存残差特异性表形成部分任务结论；fit、additive-null 与 model-comparison 三类 20-seed 文件均与旧 manifest 脱节，故完整任务结果处于冲突状态。,每个 seed 的 summary/artifact manifest 仍登记 panel_d_linear_mixture_fit_metrics.csv、supp_additive_null_metrics.csv 与 supp_linear_mixture_model_comparison.csv，但当前 20×3 个文件均缺失；残差表仍在。,parent-direct:code+results+manifests
task-019,fig2.neutral_ping,fig2,DAG Task,metric/analysis,neutral_ping,fig2,Fig.3,src/experiments/paper_figures/fig2/run_task.py --task neutral_ping,src/experiments/paper_figures/fig2/schemas.py,"[""fig2.state_bank""]","[""requires""]","[""中性 ping 的真实 rollout 读出""]","[""results/paper_figure_multi_seed/fig2_pair_fused_stsp_state/fig2_pair_fused_stsp_state/seed_*/data/""]",0,active-parent,inferred,bounded,"[""在 20-seed 历史/活动 parent bundle 中找到与中性 ping 的真实 rollout 读出对应的输出。""]",neutral_ping 的中性 ping 的真实 rollout 读出输出在可追踪 bundle 中存在；当前任务级结论限于该输出已生成且可定位，不把它升级为跨任务或稿件级综合结论。,未执行重放；数值与参数边界以对应 run_config、manifest 和 ledger evidence path 为准。,parent-direct:code+results+manifests
task-020,fig2.partial_cue_mask_specs,fig2,DAG Task,metric/analysis,partial_cue_mask_specs,fig2,Fig.3,src/experiments/paper_figures/fig2/run_task.py --task partial_cue_mask_specs,src/experiments/paper_figures/fig2/schemas.py,"[""fig2.pair_trial_specs""]","[""requires""]","[""部分线索掩码规格""]","[""results/paper_figure_multi_seed/fig2_pair_fused_stsp_state/fig2_pair_fused_stsp_state/seed_*/data/""]",0,active-parent,conflict,conflicted,"[""runtime artifact 为 0/20；20 个 weak_probe_masks.csv 仅留在旧 summary/manifest 登记中，磁盘文件缺失。""]",partial_cue_mask_specs 的旧登记仍在但 20 个 weak_probe_masks.csv 与独立 artifact 均缺失，因此当前不能验证该规格任务。,无独立 runtime artifact；summary/artifact manifest 登记的 20 个 weak_probe_masks.csv 当前全部缺失。,parent-direct:code+results+manifests
task-021,fig2.partial_cue,fig2,DAG Task,metric/analysis,partial_cue,fig2,Fig.3,src/experiments/paper_figures/fig2/run_task.py --task partial_cue,src/experiments/paper_figures/fig2/schemas.py,"[""fig2.state_bank"",""fig2.partial_cue_mask_specs""]","[""requires"",""requires""]","[""部分线索真实 rollout 恢复""]","[""results/paper_figure_multi_seed/fig2_pair_fused_stsp_state/fig2_pair_fused_stsp_state/seed_*/data/""]",0,active-parent,conflict,conflicted,"[""20-seed legacy bundle 含 panel_f_partial_cue_metrics.csv 与 AUC 表。""]",partial_cue 的网络级 metrics/AUC 表仍可定位，但逐 trial readout 在全部 20 seeds 缺失；任务结论只能保留聚合层，不能声称原始读出完整。,聚合 metrics/AUC 表仍在，但 20 个 panel_f_partial_cue_trial_readout.csv 已与其登记 manifest 脱节。,parent-direct:code+results+manifests
task-022,fig2.ping_sweep,fig2,DAG Task,metric/analysis,ping_sweep,fig2,Fig.3,src/experiments/paper_figures/fig2/run_task.py --task ping_sweep,src/experiments/paper_figures/fig2/schemas.py,"[""fig2.state_bank""]","[""requires""]","[""中性 ping 参数扫描""]","[""results/paper_figure_multi_seed/fig2_pair_fused_stsp_state/fig2_pair_fused_stsp_state/seed_*/data/""]",0,active-parent,inferred,bounded,"[""在 20-seed 历史/活动 parent bundle 中找到与中性 ping 参数扫描对应的输出。""]",ping_sweep 的中性 ping 参数扫描输出在可追踪 bundle 中存在；当前任务级结论限于该输出已生成且可定位，不把它升级为跨任务或稿件级综合结论。,未执行重放；数值与参数边界以对应 run_config、manifest 和 ledger evidence path 为准。,parent-direct:code+results+manifests
task-023,fig2.completion_delay_boundary_bank,fig2,DAG Task,producer,completion_delay_boundary_bank,fig2,Fig.3,src/experiments/paper_figures/fig2/run_task.py --task completion_delay_boundary_bank,src/experiments/paper_figures/fig2/schemas.py,"[""fig2.pair_trial_specs""]","[""requires""]","[""完成任务的延迟边界状态库""]","[""results/multi_seed_rollout/fig2/fig2_pair_fused_stsp_state/seed_*/data/intermediates/completion_delay_boundary_bank/""]",20,active-parent,direct,operational-only,"[""20/20 seed artifact 目录存在，并按任务合同记录 manifest/cache key 或 digest。""]",completion_delay_boundary_bank 的完成任务的延迟边界状态库已在 20/20 个 seed 持久化并可按任务身份寻址；任务结论仅为该父工件/规格可供下游复用，不附加跨任务科学推断。,未执行重放；数值与参数边界以对应 run_config、manifest 和 ledger evidence path 为准。,parent-direct:code+results+manifests
task-024,fig2.completion_delay_mask_specs,fig2,DAG Task,metric/analysis,completion_delay_mask_specs,fig2,Fig.3,src/experiments/paper_figures/fig2/run_task.py --task completion_delay_mask_specs,src/experiments/paper_figures/fig2/schemas.py,"[""fig2.pair_trial_specs""]","[""requires""]","[""完成任务的延迟掩码规格""]","[""results/paper_figure_multi_seed/fig2_pair_fused_stsp_state/fig2_pair_fused_stsp_state/seed_*/data/""]",0,active-parent,conflict,conflicted,"[""runtime artifact 为 0/20，未找到按现 task 身份持久化的 mask specs。""]",completion_delay_mask_specs 未形成当前可寻址的独立工件，因此其规格身份不可验证，即使下游 sweep 聚合表仍存在。,无独立 runtime artifact 或可直接归属的当前 mask-spec 文件，不能按 task_id 验证。,parent-direct:code+results+manifests
task-025,fig2.completion_delay_sweep,fig2,DAG Task,metric/analysis,completion_delay_sweep,fig2,Fig.3,src/experiments/paper_figures/fig2/run_task.py --task completion_delay_sweep,src/experiments/paper_figures/fig2/schemas.py,"[""fig2.completion_delay_boundary_bank"",""fig2.completion_delay_mask_specs""]","[""requires"",""requires""]","[""完成效应的延迟扫描""]","[""results/paper_figure_multi_seed/fig2_pair_fused_stsp_state/fig2_pair_fused_stsp_state/seed_*/data/""]",0,active-parent,conflict,conflicted,"[""20-seed sweep metrics/contrast 仍在，但 20 个 trial-level readout 文件缺失。""]",completion_delay_sweep 的聚合 metrics 与 contrast 可定位，但 20 个逐 trial readout 缺失；任务仅有部分聚合结论，完整证据链冲突。,metrics 与 contrast 表仍在，但 20 个 supp_completion_delay_sweep_trial_readout.csv 已与 summary/artifact manifest 脱节。,parent-direct:code+results+manifests
task-026,fig2.supplement,fig2,DAG Task,metric/analysis,supplement,fig2,Fig.3,src/experiments/paper_figures/fig2/run_task.py --task supplement,src/experiments/paper_figures/fig2/schemas.py,"[""fig2.state_bank""]","[""requires""]","[""pair-state 补充度量""]","[""results/paper_figure_multi_seed/fig2_pair_fused_stsp_state/fig2_pair_fused_stsp_state/seed_*/data/""]",0,active-parent,inferred,bounded,"[""在 20-seed 历史/活动 parent bundle 中找到与pair-state 补充度量对应的输出。""]",supplement 的pair-state 补充度量输出在可追踪 bundle 中存在；当前任务级结论限于该输出已生成且可定位，不把它升级为跨任务或稿件级综合结论。,未执行重放；数值与参数边界以对应 run_config、manifest 和 ledger evidence path 为准。,parent-direct:code+results+manifests
task-027,fig2.fixed_b_specs,fig2,DAG Task,producer,fixed_b_specs,fig2,Fig.3,src/experiments/paper_figures/fig2/run_task.py --task fixed_b_specs,src/experiments/paper_figures/fig2/schemas.py,[],[],"[""固定 B 确认性协议规格""]","[""results/multi_seed_rollout/fig2/fixed_b_mechanism_confirmatory/seed_*/data/intermediates/fixed_b_specs/""]",20,active-parent,direct,operational-only,"[""20/20 seed artifact 目录存在，并按任务合同记录 manifest/cache key 或 digest。""]",fixed_b_specs 的固定 B 确认性协议规格已在 20/20 个 seed 持久化并可按任务身份寻址；任务结论仅为该父工件/规格可供下游复用，不附加跨任务科学推断。,未执行重放；数值与参数边界以对应 run_config、manifest 和 ledger evidence path 为准。,parent-direct:code+results+manifests
task-028,fig2.fixed_b_input_bank,fig2,DAG Task,producer,fixed_b_input_bank,fig2,Fig.3,src/experiments/paper_figures/fig2/run_task.py --task fixed_b_input_bank,src/experiments/paper_figures/fig2/schemas.py,"[""fig2.fixed_b_specs""]","[""requires""]","[""固定 B 输入编码库""]","[""results/multi_seed_rollout/fig2/fixed_b_mechanism_confirmatory/seed_*/data/intermediates/fixed_b_input_bank/""]",20,active-parent,direct,operational-only,"[""20/20 seed artifact 目录存在，并按任务合同记录 manifest/cache key 或 digest。""]",fixed_b_input_bank 的固定 B 输入编码库已在 20/20 个 seed 持久化并可按任务身份寻址；任务结论仅为该父工件/规格可供下游复用，不附加跨任务科学推断。,未执行重放；数值与参数边界以对应 run_config、manifest 和 ledger evidence path 为准。,parent-direct:code+results+manifests
task-029,fig2.fixed_b_history_bank,fig2,DAG Task,producer,fixed_b_history_bank,fig2,Fig.3,src/experiments/paper_figures/fig2/run_task.py --task fixed_b_history_bank,src/experiments/paper_figures/fig2/schemas.py,"[""fig2.fixed_b_specs"",""fig2.fixed_b_input_bank""]","[""requires"",""requires""]","[""固定 B 历史状态库""]","[""results/multi_seed_rollout/fig2/fixed_b_mechanism_confirmatory/seed_*/data/intermediates/fixed_b_history_bank/""]",20,active-parent,direct,operational-only,"[""20/20 seed artifact 目录存在，并按任务合同记录 manifest/cache key 或 digest。""]",fixed_b_history_bank 的固定 B 历史状态库已在 20/20 个 seed 持久化并可按任务身份寻址；任务结论仅为该父工件/规格可供下游复用，不附加跨任务科学推断。,未执行重放；数值与参数边界以对应 run_config、manifest 和 ledger evidence path 为准。,parent-direct:code+results+manifests
task-030,fig2.fixed_b_protocol,fig2,DAG Task,metric/analysis,fixed_b_protocol,fig2,Fig.3,src/experiments/paper_figures/fig2/run_task.py --task fixed_b_protocol,src/experiments/paper_figures/fig2/schemas.py,"[""fig2.fixed_b_specs"",""fig2.fixed_b_input_bank"",""fig2.fixed_b_history_bank""]","[""requires"",""requires"",""requires""]","[""冻结的 fixed-B 协议物化""]","[""results/multi_seed_rollout/fig2/fixed_b_mechanism_confirmatory/frozen_protocol/""]",0,active-parent,inferred,bounded,"[""在 20-seed 历史/活动 parent bundle 中找到与冻结的 fixed-B 协议物化对应的输出。""]",fixed_b_protocol 的冻结的 fixed-B 协议物化输出在可追踪 bundle 中存在；当前任务级结论限于该输出已生成且可定位，不把它升级为跨任务或稿件级综合结论。,未执行重放；数值与参数边界以对应 run_config、manifest 和 ledger evidence path 为准。,parent-direct:code+results+manifests
task-031,fig2.fixed_b_replay_bank,fig2,DAG Task,producer,fixed_b_replay_bank,fig2,Fig.3,src/experiments/paper_figures/fig2/run_task.py --task fixed_b_replay_bank,src/experiments/paper_figures/fig2/schemas.py,"[""fig2.fixed_b_specs"",""fig2.fixed_b_input_bank"",""fig2.fixed_b_history_bank""]","[""requires"",""requires"",""requires""]","[""固定 B 事件重放库""]","[""results/multi_seed_rollout/fig2/fixed_b_mechanism_confirmatory/seed_*/data/intermediates/fixed_b_replay_bank/""]",20,active-parent,direct,operational-only,"[""20/20 seed artifact 目录存在，并按任务合同记录 manifest/cache key 或 digest。""]",fixed_b_replay_bank 的固定 B 事件重放库已在 20/20 个 seed 持久化并可按任务身份寻址；任务结论仅为该父工件/规格可供下游复用，不附加跨任务科学推断。,未执行重放；数值与参数边界以对应 run_config、manifest 和 ledger evidence path 为准。,parent-direct:code+results+manifests
task-032,fig2.fixed_b_rollout_bank,fig2,DAG Task,producer,fixed_b_rollout_bank,fig2,Fig.3,src/experiments/paper_figures/fig2/run_task.py --task fixed_b_rollout_bank,src/experiments/paper_figures/fig2/schemas.py,"[""fig2.fixed_b_specs"",""fig2.fixed_b_input_bank"",""fig2.fixed_b_history_bank"",""fig2.fixed_b_replay_bank""]","[""requires"",""requires"",""requires"",""requires""]","[""固定 B 条件 rollout 库""]","[""results/multi_seed_rollout/fig2/fixed_b_mechanism_confirmatory/seed_*/data/intermediates/fixed_b_rollout_bank/""]",20,active-parent,direct,operational-only,"[""20/20 seed artifact 目录存在，并按任务合同记录 manifest/cache key 或 digest。""]",fixed_b_rollout_bank 的固定 B 条件 rollout 库已在 20/20 个 seed 持久化并可按任务身份寻址；任务结论仅为该父工件/规格可供下游复用，不附加跨任务科学推断。,未执行重放；数值与参数边界以对应 run_config、manifest 和 ledger evidence path 为准。,parent-direct:code+results+manifests
task-033,fig2.fixed_b_swap_bank,fig2,DAG Task,producer,fixed_b_swap_bank,fig2,Fig.3,src/experiments/paper_figures/fig2/run_task.py --task fixed_b_swap_bank,src/experiments/paper_figures/fig2/schemas.py,"[""fig2.fixed_b_specs"",""fig2.fixed_b_input_bank"",""fig2.fixed_b_history_bank""]","[""requires"",""requires"",""requires""]","[""固定 B 状态交换库""]","[""results/multi_seed_rollout/fig2/fixed_b_mechanism_confirmatory/seed_*/data/intermediates/fixed_b_swap_bank/""]",20,active-parent,direct,operational-only,"[""20/20 seed artifact 目录存在，并按任务合同记录 manifest/cache key 或 digest。""]",fixed_b_swap_bank 的固定 B 状态交换库已在 20/20 个 seed 持久化并可按任务身份寻址；任务结论仅为该父工件/规格可供下游复用，不附加跨任务科学推断。,未执行重放；数值与参数边界以对应 run_config、manifest 和 ledger evidence path 为准。,parent-direct:code+results+manifests
task-034,fig2.fixed_b_analysis,fig2,DAG Task,metric/analysis,fixed_b_analysis,fig2,Fig.3,src/experiments/paper_figures/fig2/run_task.py --task fixed_b_analysis,src/experiments/paper_figures/fig2/schemas.py,"[""fig2.fixed_b_replay_bank"",""fig2.fixed_b_rollout_bank"",""fig2.fixed_b_swap_bank""]","[""requires"",""requires"",""requires""]","[""固定 B 单网络事件与交换分析""]","[""results/paper_figure_multi_seed/fig2_fixed_b_mechanism_confirmatory/seed_*/data/metrics/""]",0,active-parent,inferred,bounded,"[""在 20-seed 历史/活动 parent bundle 中找到与固定 B 单网络事件与交换分析对应的输出。""]",fixed_b_analysis 的固定 B 单网络事件与交换分析输出在可追踪 bundle 中存在；当前任务级结论限于该输出已生成且可定位，不把它升级为跨任务或稿件级综合结论。,未执行重放；数值与参数边界以对应 run_config、manifest 和 ledger evidence path 为准。,parent-direct:code+results+manifests
task-035,fig2.fixed_b_cohort_aggregate,fig2,DAG Task,metric/analysis,fixed_b_cohort_aggregate,fig2,Fig.3,src/experiments/paper_figures/fig2/run_task.py --task fixed_b_cohort_aggregate,src/experiments/paper_figures/fig2/schemas.py,"[""fig2.fixed_b_analysis""]","[""requires""]","[""固定 B 的 20 网络确认性聚合""]","[""results/paper_figure_multi_seed/fig2_fixed_b_mechanism_confirmatory/aggregate/""]",0,active-parent,direct,supported,"[""aggregate 目录含 20 网络 scalars、inference、cohort audit 与 verdict；是 internal fig2 final-statistics panel c 的直接父。""]",fixed_b_cohort_aggregate 已形成 20 网络确认性 scalars、inference 与 verdict，并直接供 internal fig2 final-statistics 使用；结论仅适用于冻结 fixed-B 协议及网络为独立单位的比较。,aggregate 当前存在，但其历史命令引用的 docs/tasks/20260726_fixed_b_v4_mechanism_confirmatory/task_state.json 已不在当前仓库。,parent-direct:code+results+manifests
task-036,fig3.all,fig3,DAG Task,aggregate,all,fig3,Fig.4,src/experiments/paper_figures/fig3/run_task.py --task all,src/experiments/paper_figures/fig3/schemas.py,"[""fig3.boundary_summary"",""fig3.cue_specificity_access"",""fig3.progressive_update""]","[""orchestrates"",""orchestrates"",""orchestrates""]","[""边界 DAG 的全链聚合入口""]","[""results/paper_figure_multi_seed/fig3_multiitem_peak_landscape/seed_*/data/""]",0,exploratory,inferred,operational-only,"[""该入口在源码中编排 3 个直接子依赖；自身无独立 artifact digest。""]",all 只作为边界 DAG 的全链聚合入口调度子任务；当前证据仅支持其操作性覆盖，不产生独立科学结论。,未执行重放；数值与参数边界以对应 run_config、manifest 和 ledger evidence path 为准。,scout:fig3
task-037,fig3.sequence_trial_specs,fig3,DAG Task,producer,sequence_trial_specs,fig3,Fig.4,src/experiments/paper_figures/fig3/run_task.py --task sequence_trial_specs,src/experiments/paper_figures/fig3/schemas.py,[],[],"[""多项目序列、单项参照与部分线索规格""]","[""results/multi_seed_rollout/fig3/fig3_multiitem_peak_landscape/seed_*/data/intermediates/sequence_trial_specs/""]",20,exploratory,direct,operational-only,"[""20/20 seed artifact 目录存在，并按任务合同记录 manifest/cache key 或 digest。""]",sequence_trial_specs 的多项目序列、单项参照与部分线索规格已在 20/20 个 seed 持久化并可按任务身份寻址；任务结论仅为该父工件/规格可供下游复用，不附加跨任务科学推断。,未执行重放；数值与参数边界以对应 run_config、manifest 和 ledger evidence path 为准。,scout:fig3
task-038,fig3.state_bank,fig3,DAG Task,producer,state_bank,fig3,Fig.4,src/experiments/paper_figures/fig3/run_task.py --task state_bank,src/experiments/paper_figures/fig3/schemas.py,"[""fig3.sequence_trial_specs"",""sequence_root.fig3_state_bank_view""]","[""requires"",""aliases""]","[""多项目序列状态库""]","[""results/paper_figure_multi_seed/fig3_multiitem_peak_landscape/seed_*/data/""]",0,active-parent,inferred,conflicted,"[""找到与多项目序列状态库相关的部分 artifact 或 bundle 输出，但独立/加载合同不完整。""]",state_bank 的多项目序列状态库存在部分输出，但当前证据或加载合同不完整；只能确认已有文件，不得声称该任务可完整 require 重放。,独立 state_bank artifact 为 0/20；状态由 boundary_state_bank 内部物化，不能按该 task_id 单独 require。,scout:fig3
task-039,fig3.boundary_condition_specs,fig3,DAG Task,producer,boundary_condition_specs,fig3,Fig.4,src/experiments/paper_figures/fig3/run_task.py --task boundary_condition_specs,src/experiments/paper_figures/fig3/schemas.py,"[""fig3.sequence_trial_specs""]","[""requires""]","[""序列长度与延迟的边界条件规格""]","[""results/multi_seed_rollout/fig3/fig3_multiitem_peak_landscape/seed_*/data/intermediates/boundary_condition_specs/""]",20,exploratory,direct,operational-only,"[""20/20 seed artifact 目录存在，并按任务合同记录 manifest/cache key 或 digest。""]",boundary_condition_specs 的序列长度与延迟的边界条件规格已在 20/20 个 seed 持久化并可按任务身份寻址；任务结论仅为该父工件/规格可供下游复用，不附加跨任务科学推断。,未执行重放；数值与参数边界以对应 run_config、manifest 和 ledger evidence path 为准。,scout:fig3
task-040,fig3.access_job_specs,fig3,DAG Task,producer,access_job_specs,fig3,Fig.4,src/experiments/paper_figures/fig3/run_task.py --task access_job_specs,src/experiments/paper_figures/fig3/schemas.py,"[""fig3.sequence_trial_specs"",""fig3.boundary_condition_specs""]","[""requires"",""requires""]","[""弱线索与中性 ping 访问作业规格""]","[""results/multi_seed_rollout/fig3/fig3_multiitem_peak_landscape/seed_*/data/intermediates/access_job_specs/""]",20,exploratory,direct,operational-only,"[""20/20 seed artifact 目录存在，并按任务合同记录 manifest/cache key 或 digest。""]",access_job_specs 的弱线索与中性 ping 访问作业规格已在 20/20 个 seed 持久化并可按任务身份寻址；任务结论仅为该父工件/规格可供下游复用，不附加跨任务科学推断。,未执行重放；数值与参数边界以对应 run_config、manifest 和 ledger evidence path 为准。,scout:fig3
task-041,fig3.boundary_state_bank,fig3,DAG Task,producer,boundary_state_bank,fig3,Fig.4,src/experiments/paper_figures/fig3/run_task.py --task boundary_state_bank,src/experiments/paper_figures/fig3/schemas.py,"[""fig3.sequence_trial_specs"",""fig3.boundary_condition_specs""]","[""requires"",""requires""]","[""按边界条件物化的可复用状态库""]","[""results/multi_seed_rollout/fig3/fig3_multiitem_peak_landscape/seed_*/data/intermediates/boundary_state_bank/""]",20,exploratory,direct,operational-only,"[""20/20 seed artifact 目录存在，并按任务合同记录 manifest/cache key 或 digest。""]",boundary_state_bank 的按边界条件物化的可复用状态库已在 20/20 个 seed 持久化并可按任务身份寻址；任务结论仅为该父工件/规格可供下游复用，不附加跨任务科学推断。,未执行重放；数值与参数边界以对应 run_config、manifest 和 ledger evidence path 为准。,scout:fig3
task-042,fig3.morphology_decomposition,fig3,DAG Task,producer,morphology_decomposition,fig3,Fig.4,src/experiments/paper_figures/fig3/run_task.py --task morphology_decomposition,src/experiments/paper_figures/fig3/schemas.py,"[""fig3.boundary_condition_specs"",""fig3.boundary_state_bank""]","[""requires"",""requires""]","[""末态相对单项参照的 NNLS 形态分解""]","[""results/multi_seed_rollout/fig3/fig3_multiitem_peak_landscape/seed_*/data/intermediates/morphology_decomposition/""]",20,exploratory,direct,operational-only,"[""20/20 seed artifact 目录存在，并按任务合同记录 manifest/cache key 或 digest。""]",morphology_decomposition 的末态相对单项参照的 NNLS 形态分解已在 20/20 个 seed 持久化并可按任务身份寻址；任务结论仅为该父工件/规格可供下游复用，不附加跨任务科学推断。,未执行重放；数值与参数边界以对应 run_config、manifest 和 ledger evidence path 为准。,scout:fig3
task-043,fig3.neutral_ping_access,fig3,DAG Task,producer,neutral_ping_access,fig3,Fig.4,src/experiments/paper_figures/fig3/run_task.py --task neutral_ping_access,src/experiments/paper_figures/fig3/schemas.py,"[""fig3.access_job_specs"",""fig3.boundary_state_bank""]","[""requires"",""requires""]","[""边界条件下的中性 ping 访问读出""]","[""results/multi_seed_rollout/fig3/fig3_multiitem_peak_landscape/seed_*/data/intermediates/neutral_ping_access/""]",20,exploratory,direct,operational-only,"[""20/20 seed artifact 目录存在，并按任务合同记录 manifest/cache key 或 digest。""]",neutral_ping_access 的边界条件下的中性 ping 访问读出已在 20/20 个 seed 持久化并可按任务身份寻址；任务结论仅为该父工件/规格可供下游复用，不附加跨任务科学推断。,未执行重放；数值与参数边界以对应 run_config、manifest 和 ledger evidence path 为准。,scout:fig3
task-044,fig3.weak_cue_access,fig3,DAG Task,producer,weak_cue_access,fig3,Fig.4,src/experiments/paper_figures/fig3/run_task.py --task weak_cue_access,src/experiments/paper_figures/fig3/schemas.py,"[""fig3.access_job_specs"",""fig3.boundary_state_bank""]","[""requires"",""requires""]","[""边界条件下的弱线索功能访问""]","[""results/multi_seed_rollout/fig3/fig3_multiitem_peak_landscape/seed_*/data/intermediates/weak_cue_access/""]",20,exploratory,direct,operational-only,"[""20/20 seed artifact 目录存在，并按任务合同记录 manifest/cache key 或 digest。""]",weak_cue_access 的边界条件下的弱线索功能访问已在 20/20 个 seed 持久化并可按任务身份寻址；任务结论仅为该父工件/规格可供下游复用，不附加跨任务科学推断。,未执行重放；数值与参数边界以对应 run_config、manifest 和 ledger evidence path 为准。,scout:fig3
task-045,fig3.cue_specificity_specs,fig3,DAG Task,producer,cue_specificity_specs,fig3,Fig.4,src/experiments/paper_figures/fig3/run_task.py --task cue_specificity_specs,src/experiments/paper_figures/fig3/schemas.py,"[""fig3.sequence_trial_specs"",""fig3.access_job_specs""]","[""requires"",""requires""]","[""matched、mismatched 与 unseen 线索规格""]","[""results/multi_seed_rollout/fig3/fig3_multiitem_peak_landscape/seed_*/data/intermediates/cue_specificity_specs/""]",20,exploratory,direct,operational-only,"[""20/20 seed artifact 目录存在，并按任务合同记录 manifest/cache key 或 digest。""]",cue_specificity_specs 的matched、mismatched 与 unseen 线索规格已在 20/20 个 seed 持久化并可按任务身份寻址；任务结论仅为该父工件/规格可供下游复用，不附加跨任务科学推断。,未执行重放；数值与参数边界以对应 run_config、manifest 和 ledger evidence path 为准。,scout:fig3
task-046,fig3.cue_specificity_access,fig3,DAG Task,producer,cue_specificity_access,fig3,Fig.4,src/experiments/paper_figures/fig3/run_task.py --task cue_specificity_access,src/experiments/paper_figures/fig3/schemas.py,"[""fig3.cue_specificity_specs"",""fig3.boundary_state_bank""]","[""requires"",""requires""]","[""线索特异性访问读出""]","[""results/multi_seed_rollout/fig3/fig3_multiitem_peak_landscape/seed_*/data/intermediates/cue_specificity_access/""]",20,exploratory,direct,supported,"[""seed_1000 summary 记录 matched>unseen 与 matched>mismatched 两个硬门均通过；20/20 artifact 目录存在。""]",cue_specificity_access 在 20/20 种子形成可 require 工件，且存档硬门显示 matched 的目标记忆增益高于 unseen 与 mismatched；结论仅限已定义线索类别与目标端点。,未执行重放；数值与参数边界以对应 run_config、manifest 和 ledger evidence path 为准。,scout:fig3
task-047,fig3.exemplar_decoder_specs,fig3,DAG Task,metric/analysis,exemplar_decoder_specs,fig3,Fig.4,src/experiments/paper_figures/fig3/run_task.py --task exemplar_decoder_specs,src/experiments/paper_figures/fig3/schemas.py,[],[],"[""exemplar 解码器 episode 与分析规格""]",[],0,exploratory,none,unavailable,"[""本快照未找到按 fig3.exemplar_decoder_specs 身份可归属且满足当前合同的结果产物。""]",exemplar_decoder_specs 已在当前源码注册为exemplar 解码器 episode 与分析规格，但本快照未找到可直接归属且满足合同的结果文件，因此该任务目前不可形成可验证结果结论。,无法区分未排程、运行失败或已归档；本审计不以相邻任务结果补写该任务。,scout:fig3
task-048,fig3.exemplar_decoder_state_bank,fig3,DAG Task,metric/analysis,exemplar_decoder_state_bank,fig3,Fig.4,src/experiments/paper_figures/fig3/run_task.py --task exemplar_decoder_state_bank,src/experiments/paper_figures/fig3/schemas.py,"[""fig3.exemplar_decoder_specs""]","[""requires""]","[""exemplar 解码状态库""]",[],0,exploratory,none,unavailable,"[""本快照未找到按 fig3.exemplar_decoder_state_bank 身份可归属且满足当前合同的结果产物。""]",exemplar_decoder_state_bank 已在当前源码注册为exemplar 解码状态库，但本快照未找到可直接归属且满足合同的结果文件，因此该任务目前不可形成可验证结果结论。,无法区分未排程、运行失败或已归档；本审计不以相邻任务结果补写该任务。,scout:fig3
task-049,fig3.exemplar_decoder,fig3,DAG Task,metric/analysis,exemplar_decoder,fig3,Fig.4,src/experiments/paper_figures/fig3/run_task.py --task exemplar_decoder,src/experiments/paper_figures/fig3/schemas.py,"[""fig3.exemplar_decoder_specs"",""fig3.exemplar_decoder_state_bank""]","[""requires"",""requires""]","[""留一折 exemplar 分类器""]",[],0,exploratory,none,unavailable,"[""本快照未找到按 fig3.exemplar_decoder 身份可归属且满足当前合同的结果产物。""]",exemplar_decoder 已在当前源码注册为留一折 exemplar 分类器，但本快照未找到可直接归属且满足合同的结果文件，因此该任务目前不可形成可验证结果结论。,无法区分未排程、运行失败或已归档；本审计不以相邻任务结果补写该任务。,scout:fig3
task-050,fig3.exemplar_decoder_summary,fig3,DAG Task,metric/analysis,exemplar_decoder_summary,fig3,Fig.4,src/experiments/paper_figures/fig3/run_task.py --task exemplar_decoder_summary,src/experiments/paper_figures/fig3/schemas.py,"[""fig3.exemplar_decoder""]","[""requires""]","[""exemplar 解码跨种子汇总""]",[],0,exploratory,none,unavailable,"[""本快照未找到按 fig3.exemplar_decoder_summary 身份可归属且满足当前合同的结果产物。""]",exemplar_decoder_summary 已在当前源码注册为exemplar 解码跨种子汇总，但本快照未找到可直接归属且满足合同的结果文件，因此该任务目前不可形成可验证结果结论。,无法区分未排程、运行失败或已归档；本审计不以相邻任务结果补写该任务。,scout:fig3
task-051,fig3.morphology_function_coupling,fig3,DAG Task,producer,morphology_function_coupling,fig3,Fig.4,src/experiments/paper_figures/fig3/run_task.py --task morphology_function_coupling,src/experiments/paper_figures/fig3/schemas.py,"[""fig3.morphology_decomposition"",""fig3.weak_cue_access""]","[""requires"",""requires""]","[""形态—功能耦合与顺序特异性对照""]","[""results/multi_seed_rollout/fig3/fig3_multiitem_peak_landscape/seed_*/data/intermediates/morphology_function_coupling/""]",20,exploratory,direct,operational-only,"[""20/20 seed artifact 目录存在，并按任务合同记录 manifest/cache key 或 digest。""]",morphology_function_coupling 的形态—功能耦合与顺序特异性对照已在 20/20 个 seed 持久化并可按任务身份寻址；任务结论仅为该父工件/规格可供下游复用，不附加跨任务科学推断。,未执行重放；数值与参数边界以对应 run_config、manifest 和 ledger evidence path 为准。,scout:fig3
task-052,fig3.boundary_summary,fig3,DAG Task,producer,boundary_summary,fig3,Fig.4,src/experiments/paper_figures/fig3/run_task.py --task boundary_summary,src/experiments/paper_figures/fig3/schemas.py,"[""fig3.morphology_decomposition"",""fig3.weak_cue_access"",""fig3.neutral_ping_access"",""fig3.morphology_function_coupling""]","[""requires"",""requires"",""requires"",""requires""]","[""功能边界的叶级摘要""]","[""results/multi_seed_rollout/fig3/fig3_multiitem_peak_landscape/seed_*/data/intermediates/boundary_summary/""]",20,exploratory,direct,supported,"[""20/20 artifact 完整；seed_1000 的 missing_for_main_figure=[]。""]",boundary_summary 在 20/20 种子完整且主图字段无缺项，提供该边界 DAG 的任务级功能边界摘要；它不自动等同于 current internal fig3 final-statistics 的上游。,未执行重放；数值与参数边界以对应 run_config、manifest 和 ledger evidence path 为准。,scout:fig3
task-053,fig3.progressive_update,fig3,DAG Task,metric/analysis,progressive_update,fig3,Fig.4,src/experiments/paper_figures/fig3/run_task.py --task progressive_update,src/experiments/paper_figures/fig3/schemas.py,"[""fig3.boundary_condition_specs"",""fig3.boundary_state_bank""]","[""requires"",""requires""]","[""渐进更新与前缀轨迹度量""]","[""results/paper_figure_multi_seed/fig3_multiitem_peak_landscape/seed_*/data/""]",0,active-parent,inferred,conflicted,"[""找到与渐进更新与前缀轨迹度量相关的部分 artifact 或 bundle 输出，但独立/加载合同不完整。""]",progressive_update 的渐进更新与前缀轨迹度量存在部分输出，但当前证据或加载合同不完整；只能确认已有文件，不得声称该任务可完整 require 重放。,未执行重放；数值与参数边界以对应 run_config、manifest 和 ledger evidence path 为准。,scout:fig3
task-054,fig3.formation_intervention_specs,fig3,DAG Task,metric/analysis,formation_intervention_specs,fig3,Fig.4,src/experiments/paper_figures/fig3/run_task.py --task formation_intervention_specs,src/experiments/paper_figures/fig3/schemas.py,"[""fig3.boundary_state_bank""]","[""requires""]","[""形成期干预掩码规格""]",[],0,exploratory,none,unavailable,"[""本快照未找到按 fig3.formation_intervention_specs 身份可归属且满足当前合同的结果产物。""]",formation_intervention_specs 已在当前源码注册为形成期干预掩码规格，但本快照未找到可直接归属且满足合同的结果文件，因此该任务目前不可形成可验证结果结论。,无法区分未排程、运行失败或已归档；本审计不以相邻任务结果补写该任务。,scout:fig3
task-055,fig3.formation_necessity,fig3,DAG Task,metric/analysis,formation_necessity,fig3,Fig.4,src/experiments/paper_figures/fig3/run_task.py --task formation_necessity,src/experiments/paper_figures/fig3/schemas.py,"[""fig3.boundary_state_bank"",""fig3.formation_intervention_specs""]","[""requires"",""requires""]","[""形成期必要性干预读出""]",[],0,exploratory,none,unavailable,"[""本快照未找到按 fig3.formation_necessity 身份可归属且满足当前合同的结果产物。""]",formation_necessity 已在当前源码注册为形成期必要性干预读出，但本快照未找到可直接归属且满足合同的结果文件，因此该任务目前不可形成可验证结果结论。,无法区分未排程、运行失败或已归档；本审计不以相邻任务结果补写该任务。,scout:fig3
task-056,fig3.peak_valley_landscape,fig3,DAG Task,metric/analysis,peak_valley_landscape,fig3,Fig.4,src/experiments/paper_figures/fig3/run_task.py --task peak_valley_landscape,src/experiments/paper_figures/fig3/schemas.py,"[""fig3.boundary_condition_specs"",""fig3.boundary_state_bank""]","[""requires"",""requires""]","[""峰谷景观与非平坦性度量""]","[""results/paper_figure_multi_seed/fig3_multiitem_peak_landscape/seed_*/data/""]",0,active-parent,inferred,conflicted,"[""找到与峰谷景观与非平坦性度量相关的部分 artifact 或 bundle 输出，但独立/加载合同不完整。""]",peak_valley_landscape 的峰谷景观与非平坦性度量存在部分输出，但当前证据或加载合同不完整；只能确认已有文件，不得声称该任务可完整 require 重放。,输出仅在 paper_figure_multi_seed 镜像树发现，canonical multi_seed_rollout 根缺失。,scout:fig3
task-057,fig3.neutral_ping,fig3,DAG Task,metric/analysis,neutral_ping,fig3,Fig.4,src/experiments/paper_figures/fig3/run_task.py --task neutral_ping,src/experiments/paper_figures/fig3/schemas.py,"[""fig3.state_bank""]","[""requires""]","[""旧兼容中性 ping 读出""]",[],0,exploratory,none,unavailable,"[""本快照未找到按 fig3.neutral_ping 身份可归属且满足当前合同的结果产物。""]",neutral_ping 已在当前源码注册为旧兼容中性 ping 读出，但本快照未找到可直接归属且满足合同的结果文件，因此该任务目前不可形成可验证结果结论。,无法区分未排程、运行失败或已归档；本审计不以相邻任务结果补写该任务。,scout:fig3
task-058,fig3.weak_probe,fig3,DAG Task,metric/analysis,weak_probe,fig3,Fig.4,src/experiments/paper_figures/fig3/run_task.py --task weak_probe,src/experiments/paper_figures/fig3/schemas.py,"[""fig3.state_bank""]","[""requires""]","[""旧兼容弱探针读出""]",[],0,exploratory,none,unavailable,"[""本快照未找到按 fig3.weak_probe 身份可归属且满足当前合同的结果产物。""]",weak_probe 已在当前源码注册为旧兼容弱探针读出，但本快照未找到可直接归属且满足合同的结果文件，因此该任务目前不可形成可验证结果结论。,无法区分未排程、运行失败或已归档；本审计不以相邻任务结果补写该任务。,scout:fig3
task-059,fig3.supplement,fig3,DAG Task,metric/analysis,supplement,fig3,Fig.4,src/experiments/paper_figures/fig3/run_task.py --task supplement,src/experiments/paper_figures/fig3/schemas.py,"[""fig3.state_bank""]","[""requires""]","[""旧兼容多项目补充度量""]",[],0,exploratory,none,unavailable,"[""本快照未找到按 fig3.supplement 身份可归属且满足当前合同的结果产物。""]",supplement 已在当前源码注册为旧兼容多项目补充度量，但本快照未找到可直接归属且满足合同的结果文件，因此该任务目前不可形成可验证结果结论。,无法区分未排程、运行失败或已归档；本审计不以相邻任务结果补写该任务。,scout:fig3
task-060,fig4.all,fig4,DAG Task,aggregate,all,fig4,Fig.5,src/experiments/paper_figures/fig4/run_task.py --task all,src/experiments/paper_figures/fig4/schemas.py,"[""fig4.overlap_localization"",""fig4.overlap_accuracy_identification"",""fig4.decision_spike_displacement"",""fig4.decision_deflection"",""fig4.overlap_perturbation"",""fig4.supplement""]","[""orchestrates"",""orchestrates"",""orchestrates"",""orchestrates"",""orchestrates"",""orchestrates""]","[""overlap/reentry 全链聚合入口""]","[""results/paper_figure_multi_seed/fig4_overlap_reentry/seed_*/data/""]",0,smoke,inferred,operational-only,"[""该入口在源码中编排 6 个直接子依赖；自身无独立 artifact digest。"",""旧 20-seed bundle 来自 legacy monolithic runner；DAG 验证仅为减量 smoke。""]",all 只作为overlap/reentry 全链聚合入口调度子任务；当前证据仅支持其操作性覆盖，不产生独立科学结论。,未执行重放；数值与参数边界以对应 run_config、manifest 和 ledger evidence path 为准。,scout:fig4
task-061,fig4.pair_sampling,fig4,DAG Task,producer,pair_sampling,fig4,Fig.5,src/experiments/paper_figures/fig4/run_task.py --task pair_sampling,src/experiments/paper_figures/fig4/schemas.py,[],[],"[""配对抽样与重叠/扰动掩码""]","[""results/multi_seed_rollout/fig4/fig4_overlap_reentry/seed_*/data/intermediates/pair_sampling/"",""results/paper_figure_multi_seed/fig4_overlap_reentry/seed_*/data/""]",20,exploratory,direct,operational-only,"[""20/20 artifact 含 digest、cache key、配对表与 masks.npz。""]",pair_sampling 的配对抽样与重叠/扰动掩码已在 20/20 个 seed 持久化并可按任务身份寻址；任务结论仅为该父工件/规格可供下游复用，不附加跨任务科学推断。,未执行重放；数值与参数边界以对应 run_config、manifest 和 ledger evidence path 为准。,scout:fig4
task-062,fig4.similarity_entry,fig4,DAG Task,metric/analysis,similarity_entry,fig4,Fig.5,src/experiments/paper_figures/fig4/run_task.py --task similarity_entry,src/experiments/paper_figures/fig4/schemas.py,"[""fig4.pair_sampling""]","[""requires""]","[""相似度入口度量与电压向量""]","[""results/paper_figure_multi_seed/fig4_overlap_reentry/seed_*/data/""]",0,exploratory,conflict,conflicted,"[""找到与相似度入口度量与电压向量相关的部分 artifact 或 bundle 输出，但独立/加载合同不完整。""]",similarity_entry 的相似度入口度量与电压向量存在部分输出，但当前证据或加载合同不完整；只能确认已有文件，不得声称该任务可完整 require 重放。,旧 bundle 有指标，但 20 个 runtime artifact 全缺，未来 require 链会失败。,scout:fig4
task-063,fig4.rollouts,fig4,DAG Task,metric/analysis,rollouts,fig4,Fig.5,src/experiments/paper_figures/fig4/run_task.py --task rollouts,src/experiments/paper_figures/fig4/schemas.py,"[""fig4.pair_sampling""]","[""requires""]","[""五条件 rollout 与 L3 replay 捕获库""]","[""results/multi_seed_rollout/fig4/fig4_overlap_reentry/seed_*/data/intermediates/rollouts/"",""results/paper_figure_multi_seed/fig4_overlap_reentry/seed_*/data/""]",20,exploratory,conflict,conflicted,"[""找到与五条件 rollout 与 L3 replay 捕获库相关的部分 artifact 或 bundle 输出，但独立/加载合同不完整。""]",rollouts 的五条件 rollout 与 L3 replay 捕获库存在部分输出，但当前证据或加载合同不完整；只能确认已有文件，不得声称该任务可完整 require 重放。,20/20 目录存在，但 array_manifest.csv 与 l3_replay_capture_manifest.csv 均为 0/20，加载器会拒绝 require。,scout:fig4
task-064,fig4.overlap_localization,fig4,DAG Task,metric/analysis,overlap_localization,fig4,Fig.5,src/experiments/paper_figures/fig4/run_task.py --task overlap_localization,src/experiments/paper_figures/fig4/schemas.py,"[""fig4.similarity_entry"",""fig4.rollouts""]","[""requires"",""requires""]","[""重叠定位度量""]","[""results/paper_figure_multi_seed/fig4_overlap_reentry/seed_*/data/""]",0,active-parent,inferred,bounded,"[""在 20-seed 历史/活动 parent bundle 中找到与重叠定位度量对应的输出。""]",overlap_localization 的重叠定位度量输出在可追踪 bundle 中存在；当前任务级结论限于该输出已生成且可定位，不把它升级为跨任务或稿件级综合结论。,未执行重放；数值与参数边界以对应 run_config、manifest 和 ledger evidence path 为准。,scout:fig4
task-065,fig4.overlap_accuracy_identification,fig4,DAG Task,metric/analysis,overlap_accuracy_identification,fig4,Fig.5,src/experiments/paper_figures/fig4/run_task.py --task overlap_accuracy_identification,src/experiments/paper_figures/fig4/schemas.py,"[""fig4.similarity_entry""]","[""requires""]","[""重叠与准确率识别度量""]","[""results/paper_figure_multi_seed/fig4_overlap_reentry/seed_*/data/""]",0,active-parent,inferred,bounded,"[""在 20-seed 历史/活动 parent bundle 中找到与重叠与准确率识别度量对应的输出。""]",overlap_accuracy_identification 的重叠与准确率识别度量输出在可追踪 bundle 中存在；当前任务级结论限于该输出已生成且可定位，不把它升级为跨任务或稿件级综合结论。,未执行重放；数值与参数边界以对应 run_config、manifest 和 ledger evidence path 为准。,scout:fig4
task-066,fig4.decision_spike_displacement,fig4,DAG Task,metric/analysis,decision_spike_displacement,fig4,Fig.5,src/experiments/paper_figures/fig4/run_task.py --task decision_spike_displacement,src/experiments/paper_figures/fig4/schemas.py,"[""fig4.rollouts""]","[""requires""]","[""决策尖峰位移度量""]","[""results/paper_figure_multi_seed/fig4_overlap_reentry/seed_*/data/""]",0,active-parent,inferred,bounded,"[""在 20-seed 历史/活动 parent bundle 中找到与决策尖峰位移度量对应的输出。""]",decision_spike_displacement 的决策尖峰位移度量输出在可追踪 bundle 中存在；当前任务级结论限于该输出已生成且可定位，不把它升级为跨任务或稿件级综合结论。,未执行重放；数值与参数边界以对应 run_config、manifest 和 ledger evidence path 为准。,scout:fig4
task-067,fig4.decision_deflection,fig4,DAG Task,metric/analysis,decision_deflection,fig4,Fig.5,src/experiments/paper_figures/fig4/run_task.py --task decision_deflection,src/experiments/paper_figures/fig4/schemas.py,"[""fig4.rollouts""]","[""requires""]","[""L3 累积器区域重放偏转度量""]","[""results/paper_figure_multi_seed/fig4_overlap_reentry/seed_*/data/""]",0,active-parent,inferred,bounded,"[""在 20-seed 历史/活动 parent bundle 中找到与L3 累积器区域重放偏转度量对应的输出。""]",decision_deflection 的L3 累积器区域重放偏转度量输出在可追踪 bundle 中存在；当前任务级结论限于该输出已生成且可定位，不把它升级为跨任务或稿件级综合结论。,未执行重放；数值与参数边界以对应 run_config、manifest 和 ledger evidence path 为准。,scout:fig4
task-068,fig4.overlap_perturbation,fig4,DAG Task,metric/analysis,overlap_perturbation,fig4,Fig.5,src/experiments/paper_figures/fig4/run_task.py --task overlap_perturbation,src/experiments/paper_figures/fig4/schemas.py,"[""fig4.rollouts"",""fig4.pair_sampling""]","[""requires"",""requires""]","[""重叠保持与 L1 STSP 扰动度量""]","[""results/paper_figure_multi_seed/fig4_overlap_reentry/seed_*/data/""]",0,active-parent,inferred,bounded,"[""在 20-seed 历史/活动 parent bundle 中找到与重叠保持与 L1 STSP 扰动度量对应的输出。""]",overlap_perturbation 的重叠保持与 L1 STSP 扰动度量输出在可追踪 bundle 中存在；当前任务级结论限于该输出已生成且可定位，不把它升级为跨任务或稿件级综合结论。,未执行重放；数值与参数边界以对应 run_config、manifest 和 ledger evidence path 为准。,scout:fig4
task-069,fig4.supplement,fig4,DAG Task,metric/analysis,supplement,fig4,Fig.5,src/experiments/paper_figures/fig4/run_task.py --task supplement,src/experiments/paper_figures/fig4/schemas.py,"[""fig4.rollouts""]","[""requires""]","[""overlap/reentry 补充度量""]","[""results/paper_figure_multi_seed/fig4_overlap_reentry/seed_*/data/""]",0,active-parent,inferred,bounded,"[""在 20-seed 历史/活动 parent bundle 中找到与overlap/reentry 补充度量对应的输出。""]",supplement 的overlap/reentry 补充度量输出在可追踪 bundle 中存在；当前任务级结论限于该输出已生成且可定位，不把它升级为跨任务或稿件级综合结论。,未执行重放；数值与参数边界以对应 run_config、manifest 和 ledger evidence path 为准。,scout:fig4
task-070,fig5.all,fig5,DAG Task,aggregate,all,fig5,Fig.6,src/experiments/paper_figures/fig5/run_task.py --task all,src/experiments/paper_figures/fig5/schemas.py,"[""fig5.preprobe_support"",""fig5.early_firing"",""fig5.local_events"",""fig5.support_perturbation"",""fig5.supplement"",""fig5.postprobe_stsp_update""]","[""orchestrates"",""orchestrates"",""orchestrates"",""orchestrates"",""orchestrates"",""orchestrates""]","[""local-support/competition 全链聚合入口""]","[""results/paper_figure_multi_seed/fig5_local_support_competition/seed_*/data/""]",0,smoke,inferred,operational-only,"[""该入口在源码中编排 6 个直接子依赖；自身无独立 artifact digest。"",""20 个 legacy bundle 的 summary 均标记 final_scientific_use=false。""]",all 只作为local-support/competition 全链聚合入口调度子任务；当前证据仅支持其操作性覆盖，不产生独立科学结论。,未执行重放；数值与参数边界以对应 run_config、manifest 和 ledger evidence path 为准。,scout:fig5
task-071,fig5.trial_sampling,fig5,DAG Task,producer,trial_sampling,fig5,Fig.6,src/experiments/paper_figures/fig5/run_task.py --task trial_sampling,src/experiments/paper_figures/fig5/schemas.py,[],[],"[""局部竞争试验与掩码规格""]","[""results/multi_seed_rollout/fig5/fig5_local_support_competition/seed_*/data/intermediates/trial_sampling/"",""results/paper_figure_multi_seed/fig5_local_support_competition/seed_*/data/""]",20,exploratory,direct,operational-only,"[""20/20 artifact 契约完整；seed_1000 记录 500 个试验。""]",trial_sampling 的局部竞争试验与掩码规格已在 20/20 个 seed 持久化并可按任务身份寻址；任务结论仅为该父工件/规格可供下游复用，不附加跨任务科学推断。,未执行重放；数值与参数边界以对应 run_config、manifest 和 ledger evidence path 为准。,scout:fig5
task-072,fig5.preprobe_support_bank,fig5,DAG Task,producer,preprobe_support_bank,fig5,Fig.6,src/experiments/paper_figures/fig5/run_task.py --task preprobe_support_bank,src/experiments/paper_figures/fig5/schemas.py,"[""fig5.trial_sampling""]","[""requires""]","[""探针前支持图与分支轨迹库""]","[""results/multi_seed_rollout/fig5/fig5_local_support_competition/seed_*/data/intermediates/preprobe_support_bank/"",""results/paper_figure_multi_seed/fig5_local_support_competition/seed_*/data/""]",20,exploratory,conflict,conflicted,"[""找到与探针前支持图与分支轨迹库相关的部分 artifact 或 bundle 输出，但独立/加载合同不完整。""]",preprobe_support_bank 的探针前支持图与分支轨迹库存在部分输出，但当前证据或加载合同不完整；只能确认已有文件，不得声称该任务可完整 require 重放。,核心数组存在，但 5 类加载必需表/清单在 20 个种子上缺失；属于 200 个 runtime-parent 缺口。,scout:fig5
task-073,fig5.preprobe_support,fig5,DAG Task,metric/analysis,preprobe_support,fig5,Fig.6,src/experiments/paper_figures/fig5/run_task.py --task preprobe_support,src/experiments/paper_figures/fig5/schemas.py,"[""fig5.preprobe_support_bank""]","[""requires""]","[""探针前支持度量""]","[""results/paper_figure_multi_seed/fig5_local_support_competition/seed_*/data/""]",0,active-parent,inferred,bounded,"[""在 20-seed 历史/活动 parent bundle 中找到与探针前支持度量对应的输出。""]",preprobe_support 的探针前支持度量输出在可追踪 bundle 中存在；当前任务级结论限于该输出已生成且可定位，不把它升级为跨任务或稿件级综合结论。,未执行重放；数值与参数边界以对应 run_config、manifest 和 ledger evidence path 为准。,scout:fig5
task-074,fig5.early_firing,fig5,DAG Task,metric/analysis,early_firing,fig5,Fig.6,src/experiments/paper_figures/fig5/run_task.py --task early_firing,src/experiments/paper_figures/fig5/schemas.py,"[""fig5.preprobe_support_bank""]","[""requires""]","[""早期放电 advance/recruit/loss 转移度量""]","[""results/paper_figure_multi_seed/fig5_local_support_competition/seed_*/data/""]",0,active-parent,direct,bounded,"[""20 个 panel_b_early_firing_transition_metrics.csv 已按恢复收据逐字节恢复，是 current source manifest 的直接父。""]",early_firing 的 20 个直接父 CSV 已逐字节恢复并可由 current source manifest 追踪；该结论只确认已冻结的早期转移度量可用，runtime 父工件仍不完整。,未执行重放；数值与参数边界以对应 run_config、manifest 和 ledger evidence path 为准。,scout:fig5
task-075,fig5.local_events,fig5,DAG Task,metric/analysis,local_events,fig5,Fig.6,src/experiments/paper_figures/fig5/run_task.py --task local_events,src/experiments/paper_figures/fig5/schemas.py,"[""fig5.preprobe_support_bank""]","[""requires""]","[""winner/loser 局部事件对齐度量""]","[""results/paper_figure_multi_seed/fig5_local_support_competition/seed_*/data/""]",0,active-parent,inferred,bounded,"[""在 20-seed 历史/活动 parent bundle 中找到与winner/loser 局部事件对齐度量对应的输出。""]",local_events 的winner/loser 局部事件对齐度量输出在可追踪 bundle 中存在；当前任务级结论限于该输出已生成且可定位，不把它升级为跨任务或稿件级综合结论。,未执行重放；数值与参数边界以对应 run_config、manifest 和 ledger evidence path 为准。,scout:fig5
task-076,fig5.support_perturbation,fig5,DAG Task,metric/analysis,support_perturbation,fig5,Fig.6,src/experiments/paper_figures/fig5/run_task.py --task support_perturbation,src/experiments/paper_figures/fig5/schemas.py,"[""fig5.preprobe_support_bank""]","[""requires""]","[""L1 STSP 支持扰动度量""]","[""results/paper_figure_multi_seed/fig5_local_support_competition/seed_*/data/""]",0,active-parent,direct,bounded,"[""20 个 panel_d_l1_stsp_perturbation_unit_transitions.csv 已按恢复收据逐字节恢复，是 current source manifest 的直接父。""]",support_perturbation 的 20 个直接父 CSV 已逐字节恢复并进入 current source manifest；该结论只覆盖既有扰动度量，不能消除 preprobe_support_bank 的 runtime 缺口。,未执行重放；数值与参数边界以对应 run_config、manifest 和 ledger evidence path 为准。,scout:fig5
task-077,fig5.supplement,fig5,DAG Task,metric/analysis,supplement,fig5,Fig.6,src/experiments/paper_figures/fig5/run_task.py --task supplement,src/experiments/paper_figures/fig5/schemas.py,"[""fig5.preprobe_support_bank""]","[""requires""]","[""local-support/competition 补充度量""]","[""results/paper_figure_multi_seed/fig5_local_support_competition/seed_*/data/""]",0,active-parent,inferred,bounded,"[""在 20-seed 历史/活动 parent bundle 中找到与local-support/competition 补充度量对应的输出。""]",supplement 的local-support/competition 补充度量输出在可追踪 bundle 中存在；当前任务级结论限于该输出已生成且可定位，不把它升级为跨任务或稿件级综合结论。,未执行重放；数值与参数边界以对应 run_config、manifest 和 ledger evidence path 为准。,scout:fig5
task-078,fig5.probe_stsp_update_bank,fig5,DAG Task,producer,probe_stsp_update_bank,fig5,Fig.6,src/experiments/paper_figures/fig5/run_task.py --task probe_stsp_update_bank,src/experiments/paper_figures/fig5/schemas.py,"[""fig5.trial_sampling"",""fig5.preprobe_support_bank""]","[""requires"",""requires""]","[""探针诱发 STSP 更新快照库""]","[""results/multi_seed_rollout/fig5/fig5_local_support_competition/seed_*/data/intermediates/probe_stsp_update_bank/"",""results/paper_figure_multi_seed/fig5_local_support_competition/seed_*/data/""]",20,exploratory,conflict,conflicted,"[""找到与探针诱发 STSP 更新快照库相关的部分 artifact 或 bundle 输出，但独立/加载合同不完整。""]",probe_stsp_update_bank 的探针诱发 STSP 更新快照库存在部分输出，但当前证据或加载合同不完整；只能确认已有文件，不得声称该任务可完整 require 重放。,NPZ 分片存在，但 snapshot_manifest.csv、array_manifest.csv 与 unit_group_definitions.csv 缺失。,scout:fig5
task-079,fig5.postprobe_stsp_update,fig5,DAG Task,metric/analysis,postprobe_stsp_update,fig5,Fig.6,src/experiments/paper_figures/fig5/run_task.py --task postprobe_stsp_update,src/experiments/paper_figures/fig5/schemas.py,"[""fig5.probe_stsp_update_bank""]","[""requires""]","[""探针后 L2 写回与历史组成度量""]","[""results/paper_figure_multi_seed/fig5_local_support_competition/seed_*/data/""]",0,active-parent,inferred,bounded,"[""在 20-seed 历史/活动 parent bundle 中找到与探针后 L2 写回与历史组成度量对应的输出。""]",postprobe_stsp_update 的探针后 L2 写回与历史组成度量输出在可追踪 bundle 中存在；当前任务级结论限于该输出已生成且可定位，不把它升级为跨任务或稿件级综合结论。,2026-06-16 曾成功 artifact-only require；当前父清单缺失，不能据此声称现在仍可重放。,scout:fig5
task-080,fig6.all,fig6,DAG Task,aggregate,all,fig6,Fig.7,src/experiments/paper_figures/fig6/run_task.py --task all,src/experiments/paper_figures/fig6/schemas.py,"[""fig6.field_ping_readout"",""fig6.global_ping_score_spike_prediction"",""fig6.real_probe_score_spike_deflection"",""fig6.overlap_gated_stsp_recruitment"",""fig6.high_stsp_overlap_ablation"",""fig6.supplement"",""fig6.score_shuffle_null"",""fig6.overlap_threshold_sensitivity""]","[""orchestrates"",""orchestrates"",""orchestrates"",""orchestrates"",""orchestrates"",""orchestrates"",""orchestrates"",""orchestrates""]","[""条件性功能任务的全链聚合入口""]","[""results/paper_figure_multi_seed/fig6_peak_amplified_reentry/seed_*/data/""]",0,exploratory,inferred,operational-only,"[""该入口在源码中编排 8 个直接子依赖；自身无独立 artifact digest。"",""canonical multi_seed_rollout 下游指标缺失；证据来自 legacy paper_figure_multi_seed bundle。""]",all 只作为条件性功能任务的全链聚合入口调度子任务；当前证据仅支持其操作性覆盖，不产生独立科学结论。,未执行重放；数值与参数边界以对应 run_config、manifest 和 ledger evidence path 为准。,scout:fig6
task-081,fig6.sequence_trials,fig6,DAG Task,producer,sequence_trials,fig6,Fig.7,src/experiments/paper_figures/fig6/run_task.py --task sequence_trials,src/experiments/paper_figures/fig6/schemas.py,"[""sequence_root.shared_sequence_specs""]","[""aliases""]","[""共享序列规格的 fig6 视图""]","[""results/multi_seed_rollout/fig6/fig6_peak_amplified_reentry/seed_*/data/intermediates/sequence_trials/"",""results/paper_figure_multi_seed/fig6_peak_amplified_reentry/seed_*/data/""]",20,exploratory,direct,operational-only,"[""20/20 seed artifact 目录存在，并按任务合同记录 manifest/cache key 或 digest。""]",sequence_trials 的共享序列规格的 fig6 视图已在 20/20 个 seed 持久化并可按任务身份寻址；任务结论仅为该父工件/规格可供下游复用，不附加跨任务科学推断。,未执行重放；数值与参数边界以对应 run_config、manifest 和 ledger evidence path 为准。,scout:fig6
task-082,fig6.sequence_bank,fig6,DAG Task,producer,sequence_bank,fig6,Fig.7,src/experiments/paper_figures/fig6/run_task.py --task sequence_bank,src/experiments/paper_figures/fig6/schemas.py,"[""fig6.sequence_trials"",""sequence_root.shared_sequence_root_bank""]","[""requires"",""aliases""]","[""共享根派生的 fig6 序列状态库""]","[""results/multi_seed_rollout/fig6/fig6_peak_amplified_reentry/seed_*/data/intermediates/sequence_bank/"",""results/paper_figure_multi_seed/fig6_peak_amplified_reentry/seed_*/data/""]",20,exploratory,direct,operational-only,"[""20/20 seed artifact 目录存在，并按任务合同记录 manifest/cache key 或 digest。""]",sequence_bank 的共享根派生的 fig6 序列状态库已在 20/20 个 seed 持久化并可按任务身份寻址；任务结论仅为该父工件/规格可供下游复用，不附加跨任务科学推断。,未执行重放；数值与参数边界以对应 run_config、manifest 和 ledger evidence path 为准。,scout:fig6
task-083,fig6.field_ping_readout,fig6,DAG Task,metric/analysis,field_ping_readout,fig6,Fig.7,src/experiments/paper_figures/fig6/run_task.py --task field_ping_readout,src/experiments/paper_figures/fig6/schemas.py,"[""fig6.sequence_bank""]","[""requires""]","[""区域门控 ping 读出偏置""]","[""results/paper_figure_multi_seed/fig6_peak_amplified_reentry/seed_*/data/""]",0,active-parent,inferred,bounded,"[""在 20-seed 历史/活动 parent bundle 中找到与区域门控 ping 读出偏置对应的输出。"",""canonical multi_seed_rollout 下游指标缺失；证据来自 legacy paper_figure_multi_seed bundle。""]",field_ping_readout 的区域门控 ping 读出偏置输出在可追踪 bundle 中存在；当前任务级结论限于该输出已生成且可定位，不把它升级为跨任务或稿件级综合结论。,未执行重放；数值与参数边界以对应 run_config、manifest 和 ledger evidence path 为准。,scout:fig6
task-084,fig6.global_ping_score_spike_prediction,fig6,DAG Task,metric/analysis,global_ping_score_spike_prediction,fig6,Fig.7,src/experiments/paper_figures/fig6/run_task.py --task global_ping_score_spike_prediction,src/experiments/paper_figures/fig6/schemas.py,"[""fig6.sequence_bank""]","[""requires""]","[""全局 ping 下 score 到募集的预测""]","[""results/paper_figure_multi_seed/fig6_peak_amplified_reentry/seed_*/data/""]",0,active-parent,inferred,bounded,"[""在 20-seed 历史/活动 parent bundle 中找到与全局 ping 下 score 到募集的预测对应的输出。"",""canonical multi_seed_rollout 下游指标缺失；证据来自 legacy paper_figure_multi_seed bundle。""]",global_ping_score_spike_prediction 的全局 ping 下 score 到募集的预测输出在可追踪 bundle 中存在；当前任务级结论限于该输出已生成且可定位，不把它升级为跨任务或稿件级综合结论。,未执行重放；数值与参数边界以对应 run_config、manifest 和 ledger evidence path 为准。,scout:fig6
task-085,fig6.real_probe_score_spike_deflection,fig6,DAG Task,metric/analysis,real_probe_score_spike_deflection,fig6,Fig.7,src/experiments/paper_figures/fig6/run_task.py --task real_probe_score_spike_deflection,src/experiments/paper_figures/fig6/schemas.py,"[""fig6.sequence_bank""]","[""requires""]","[""真实探针下 score 到偏转的度量""]","[""results/paper_figure_multi_seed/fig6_peak_amplified_reentry/seed_*/data/""]",0,exploratory,none,unavailable,"[""本快照未找到按 fig6.real_probe_score_spike_deflection 身份可归属且满足当前合同的结果产物。""]",real_probe_score_spike_deflection 已在当前源码注册为真实探针下 score 到偏转的度量，但本快照未找到可直接归属且满足合同的结果文件，因此该任务目前不可形成可验证结果结论。,当前契约文件名在 canonical 与 legacy 根均未找到；旧名可能相近但不能无哈希地宣称等价。,scout:fig6
task-086,fig6.overlap_gated_stsp_recruitment,fig6,DAG Task,metric/analysis,overlap_gated_stsp_recruitment,fig6,Fig.7,src/experiments/paper_figures/fig6/run_task.py --task overlap_gated_stsp_recruitment,src/experiments/paper_figures/fig6/schemas.py,"[""fig6.sequence_bank""]","[""requires""]","[""重叠门控 STSP 募集与交互""]","[""results/paper_figure_multi_seed/fig6_peak_amplified_reentry/seed_*/data/""]",0,active-parent,direct,supported,"[""20 个 legacy interaction 表存在；seed_1000 哈希与 current final bundle source manifest 一致。"",""canonical multi_seed_rollout 下游指标缺失；证据来自 legacy paper_figure_multi_seed bundle。""]",overlap_gated_stsp_recruitment 的交互表是 current Fig.7 panel f 的直接父；冻结统计在 10 ms 给出 15.9968 个百分点的交互，结论仅限重叠门控表达，不证明唯一编码。,未执行重放；数值与参数边界以对应 run_config、manifest 和 ledger evidence path 为准。,scout:fig6
task-087,fig6.high_stsp_overlap_ablation,fig6,DAG Task,metric/analysis,high_stsp_overlap_ablation,fig6,Fig.7,src/experiments/paper_figures/fig6/run_task.py --task high_stsp_overlap_ablation,src/experiments/paper_figures/fig6/schemas.py,"[""fig6.sequence_bank""]","[""requires""]","[""面积与能量匹配的 high-STSP-overlap 消融""]","[""results/paper_figure_multi_seed/fig6_peak_amplified_reentry/seed_*/data/""]",0,active-parent,direct,supported,"[""20 个 legacy summary 表存在；final-statistics 通过 panel_f_* 兼容别名消费。"",""canonical multi_seed_rollout 下游指标缺失；证据来自 legacy paper_figure_multi_seed bundle。""]",high_stsp_overlap_ablation 的 summary 是 current Fig.7 panel e 的直接父；冻结统计给出相对匹配移除多 2.5208 个百分点的募集损失，结论仅为定向位点的有界贡献。,未执行重放；数值与参数边界以对应 run_config、manifest 和 ledger evidence path 为准。,scout:fig6
task-088,fig6.supplement,fig6,DAG Task,metric/analysis,supplement,fig6,Fig.7,src/experiments/paper_figures/fig6/run_task.py --task supplement,src/experiments/paper_figures/fig6/schemas.py,"[""fig6.field_ping_readout"",""fig6.global_ping_score_spike_prediction"",""fig6.real_probe_score_spike_deflection"",""fig6.overlap_gated_stsp_recruitment"",""fig6.high_stsp_overlap_ablation""]","[""requires"",""requires"",""requires"",""requires"",""requires""]","[""S11a–S11f 补充审计与鲁棒性度量""]","[""results/paper_figure_multi_seed/fig6_peak_amplified_reentry/seed_*/data/""]",0,active-parent,inferred,bounded,"[""在 20-seed 历史/活动 parent bundle 中找到与S11a–S11f 补充审计与鲁棒性度量对应的输出。"",""canonical multi_seed_rollout 下游指标缺失；证据来自 legacy paper_figure_multi_seed bundle。""]",supplement 的S11a–S11f 补充审计与鲁棒性度量输出在可追踪 bundle 中存在；当前任务级结论限于该输出已生成且可定位，不把它升级为跨任务或稿件级综合结论。,未执行重放；数值与参数边界以对应 run_config、manifest 和 ledger evidence path 为准。,scout:fig6
task-089,fig6.score_shuffle_null,fig6,DAG Task,metric/analysis,score_shuffle_null,fig6,Fig.7,src/experiments/paper_figures/fig6/run_task.py --task score_shuffle_null,src/experiments/paper_figures/fig6/schemas.py,"[""fig6.sequence_bank""]","[""requires""]","[""score shuffle 零分布""]","[""results/paper_figure_multi_seed/fig6_peak_amplified_reentry/seed_*/data/""]",0,active-parent,inferred,bounded,"[""在 20-seed 历史/活动 parent bundle 中找到与score shuffle 零分布对应的输出。"",""canonical multi_seed_rollout 下游指标缺失；证据来自 legacy paper_figure_multi_seed bundle。""]",score_shuffle_null 的score shuffle 零分布输出在可追踪 bundle 中存在；当前任务级结论限于该输出已生成且可定位，不把它升级为跨任务或稿件级综合结论。,未执行重放；数值与参数边界以对应 run_config、manifest 和 ledger evidence path 为准。,scout:fig6
task-090,fig6.overlap_threshold_sensitivity,fig6,DAG Task,metric/analysis,overlap_threshold_sensitivity,fig6,Fig.7,src/experiments/paper_figures/fig6/run_task.py --task overlap_threshold_sensitivity,src/experiments/paper_figures/fig6/schemas.py,"[""fig6.sequence_bank""]","[""requires""]","[""overlap 阈值敏感性""]","[""results/paper_figure_multi_seed/fig6_peak_amplified_reentry/seed_*/data/""]",0,active-parent,inferred,bounded,"[""在 20-seed 历史/活动 parent bundle 中找到与overlap 阈值敏感性对应的输出。"",""canonical multi_seed_rollout 下游指标缺失；证据来自 legacy paper_figure_multi_seed bundle。""]",overlap_threshold_sensitivity 的overlap 阈值敏感性输出在可追踪 bundle 中存在；当前任务级结论限于该输出已生成且可定位，不把它升级为跨任务或稿件级综合结论。,未执行重放；数值与参数边界以对应 run_config、manifest 和 ledger evidence path 为准。,scout:fig6
task-091,sequence_root.all,sequence_root,DAG Task,aggregate,all,shared_sequence_root,Fig.4 / Fig.7 输入身份,src/experiments/paper_figures/common/sequence_root/run_task.py --task all,src/experiments/paper_figures/common/sequence_root/schemas.py,"[""sequence_root.shared_sequence_specs"",""sequence_root.shared_sequence_root_bank""]","[""orchestrates"",""orchestrates""]","[""共享序列 specs 与 root bank 聚合入口""]","[""results/multi_seed_rollout/shared_sequence_root/seed_*/data/""]",0,exploratory,inferred,operational-only,"[""该入口在源码中编排 2 个直接子依赖；自身无独立 artifact digest。""]",all 只作为共享序列 specs 与 root bank 聚合入口调度子任务；当前证据仅支持其操作性覆盖，不产生独立科学结论。,未执行重放；数值与参数边界以对应 run_config、manifest 和 ledger evidence path 为准。,scout:fig6-shared
task-092,sequence_root.shared_sequence_specs,sequence_root,DAG Task,producer,shared_sequence_specs,shared_sequence_root,Fig.4 / Fig.7 输入身份,src/experiments/paper_figures/common/sequence_root/run_task.py --task shared_sequence_specs,src/experiments/paper_figures/common/sequence_root/schemas.py,[],[],"[""fig3/fig6 共用的序列输入身份""]","[""results/multi_seed_rollout/shared_sequence_root/seed_*/data/intermediates/shared_sequence_specs/""]",20,exploratory,direct,operational-only,"[""20/20 seeds 持久化；num_sequences=100、长度 3/5/7/10、partial-cue=0.1、目标位 K-1。""]",shared_sequence_specs 的fig3/fig6 共用的序列输入身份已在 20/20 个 seed 持久化并可按任务身份寻址；任务结论仅为该父工件/规格可供下游复用，不附加跨任务科学推断。,未执行重放；数值与参数边界以对应 run_config、manifest 和 ledger evidence path 为准。,scout:fig6-shared
task-093,sequence_root.shared_sequence_root_bank,sequence_root,DAG Task,producer,shared_sequence_root_bank,shared_sequence_root,Fig.4 / Fig.7 输入身份,src/experiments/paper_figures/common/sequence_root/run_task.py --task shared_sequence_root_bank,src/experiments/paper_figures/common/sequence_root/schemas.py,"[""sequence_root.shared_sequence_specs""]","[""requires""]","[""绑定 fig3 state bank 与 fig6 sequence bank 的共享根库""]","[""results/multi_seed_rollout/shared_sequence_root/seed_*/data/intermediates/shared_sequence_root_bank/""]",20,exploratory,direct,operational-only,"[""20/20 root bank 同时登记 shared specs、fig3 state bank 与 fig6 sequence bank 的 cache-key digest。""]",shared_sequence_root_bank 的绑定 fig3 state bank 与 fig6 sequence bank 的共享根库已在 20/20 个 seed 持久化并可按任务身份寻址；任务结论仅为该父工件/规格可供下游复用，不附加跨任务科学推断。,未执行重放；数值与参数边界以对应 run_config、manifest 和 ledger evidence path 为准。,scout:fig6-shared
task-094,sequence_root.fig3_state_bank_view,sequence_root,DAG Task,metric/analysis,fig3_state_bank_view,shared_sequence_root,Fig.4 / Fig.7 输入身份,src/experiments/paper_figures/common/sequence_root/run_task.py --task fig3_state_bank_view,src/experiments/paper_figures/common/sequence_root/schemas.py,"[""sequence_root.shared_sequence_root_bank""]","[""aliases""]","[""共享根中 fig3 state bank 的寻址视图""]","[""results/multi_seed_rollout/shared_sequence_root/seed_*/data/""]",0,exploratory,inferred,bounded,"[""在 20-seed 历史/活动 parent bundle 中找到与共享根中 fig3 state bank 的寻址视图对应的输出。""]",fig3_state_bank_view 的共享根中 fig3 state bank 的寻址视图输出在可追踪 bundle 中存在；当前任务级结论限于该输出已生成且可定位，不把它升级为跨任务或稿件级综合结论。,视图无独立 manifest，summary 可被最后一次视图运行覆盖。,scout:fig6-shared
task-095,sequence_root.fig6_sequence_bank_view,sequence_root,DAG Task,metric/analysis,fig6_sequence_bank_view,shared_sequence_root,Fig.4 / Fig.7 输入身份,src/experiments/paper_figures/common/sequence_root/run_task.py --task fig6_sequence_bank_view,src/experiments/paper_figures/common/sequence_root/schemas.py,"[""sequence_root.shared_sequence_root_bank""]","[""aliases""]","[""共享根中 fig6 sequence bank 的寻址视图""]","[""results/multi_seed_rollout/shared_sequence_root/seed_*/data/""]",0,exploratory,inferred,bounded,"[""在 20-seed 历史/活动 parent bundle 中找到与共享根中 fig6 sequence bank 的寻址视图对应的输出。""]",fig6_sequence_bank_view 的共享根中 fig6 sequence bank 的寻址视图输出在可追踪 bundle 中存在；当前任务级结论限于该输出已生成且可定位，不把它升级为跨任务或稿件级综合结论。,视图无独立 manifest，summary 可被最后一次视图运行覆盖。,scout:fig6-shared
task-096,final_six.fig1.final-statistics,fig1,Materializer,figure-scoped load-only statistics,final-statistics,fig1,Fig.2（经 redesign；内部 fig1）,src/experiments/paper_figures/fig1/run_task.py --task final-statistics --reuse-artifacts require,src/experiments/paper_figures/final_six/pipeline.py,"[""fig1.baseline"",""fig1.firing_rate_control"",""fig1.time_binned_firing_rate_control"",""fig1.delay_decoder"",""fig1.dms_shuffle_readout"",""artifact:structure-enhanced.svg""]","[""consumes"",""consumes"",""consumes"",""consumes"",""consumes"",""consumes""]","[""data/panel_*_plot_data.csv"",""metrics/panel_*_statistics.csv"",""meta/source_manifest.csv"",""summary.json""]","[""results/paper_figure_multi_seed/final_six_figures/fig1/"",""results/paper_figure_multi_seed/final_six_figures_v5_fig3g_fig4_2x2_fixed_20260810/fig1/""]",,active-parent,direct,supported,"[""当前 redesign parent 的 internal fig1 bundle 为 statistics_partial 顶层中的唯一已构建图，但 fig1 自身 panel/schema 校验可用。"",""current main complete bundle 中 fig1 含 5 panels、4 quantitative。""]",internal fig1 final-statistics 已以 load-only 方式物化 1 个示意与 4 个定量面板，并保持 20 网络来源可追踪；其结论限于固定网络性能、延迟期放电消失控制、u/x 解码及 DMS 组成描述，是 redesign Fig.2 的数据父而非新实验。,该节点为 load-only 派生统计；不得用它补写未执行 runtime task，也不得跨 panel 扩大 claim boundary。,parent-direct:code+results+manifests
task-097,final_six.fig2.final-statistics,fig2,Materializer,figure-scoped load-only statistics,final-statistics,fig2,Fig.3,src/experiments/paper_figures/fig2/run_task.py --task final-statistics --reuse-artifacts require,src/experiments/paper_figures/final_six/pipeline.py,"[""fig2.fixed_b_specs"",""fig2.fixed_b_history_bank"",""fig2.fixed_b_rollout_bank"",""fig2.fixed_b_analysis"",""fig2.fixed_b_cohort_aggregate"",""artifact:DMS-enhanced.svg""]","[""consumes"",""consumes"",""consumes"",""consumes"",""consumes"",""consumes""]","[""data/panel_*_plot_data.csv"",""metrics/panel_*_statistics.csv"",""meta/source_manifest.csv"",""summary.json""]","[""results/paper_figure_multi_seed/final_six_figures_v5_fig3g_fig4_2x2_fixed_20260810/fig2/"",""results/paper_figure_multi_seed/final_six_figures_v5_fig3g_fig4_2x2_fixed_20260810/fig2/""]",,current-authority,direct,supported,"[""current main complete bundle 中 fig2 含 4 quantitative panels；source manifest 106 rows 全部存在。"",""panel b aligned-minus-mismatched rescue=14.0780 percentage points，BH p=0.0003069。""]",internal fig2 final-statistics 已冻结 fixed-B 的历史对齐 rescue/loss、共同更新/历史效应与事件残差面板；任务结论仅适用于 identical-B 冻结协议与 20 个独立网络，不把细胞行当独立重复。,该节点为 load-only 派生统计；不得用它补写未执行 runtime task，也不得跨 panel 扩大 claim boundary。,parent-direct:code+results+manifests
task-098,final_six.fig3.final-statistics,fig3,Materializer,figure-scoped load-only statistics,final-statistics,fig3,Fig.4,src/experiments/paper_figures/fig3/run_task.py --task final-statistics --reuse-artifacts require,src/experiments/paper_figures/final_six/pipeline.py,"[""fig4.overlap_perturbation"",""fig5.preprobe_support"",""fig5.early_firing"",""fig5.support_perturbation"",""fig5.postprobe_stsp_update"",""fig2.fixed_b_cohort_aggregate"",""artifact:fig3_state_evolution.svg""]","[""consumes"",""consumes"",""consumes"",""consumes"",""consumes"",""consumes"",""consumes""]","[""data/panel_*_plot_data.csv"",""metrics/panel_*_statistics.csv"",""meta/source_manifest.csv"",""summary.json""]","[""results/paper_figure_multi_seed/final_six_figures_v5_fig3g_fig4_2x2_fixed_20260810/fig3/"",""results/paper_figure_multi_seed/final_six_figures_v5_fig3g_fig4_2x2_fixed_20260810/fig3/""]",,current-authority,direct,supported,"[""7 panels（6 quantitative + 1 schematic），102 个父文件，parent_hashes_before==after。"",""source manifest 不含 fig3 TASK_IDS 产物。""]",internal fig3 final-statistics 的 7 面板 bundle 完整且父哈希未变；它消费 fig4/fig5/fig2 的结果而非 fig3 TASK_IDS 边界 DAG，因此结论仅属于该显式 source manifest 所列的跨源统计叶节点。,该节点为 load-only 派生统计；不得用它补写未执行 runtime task，也不得跨 panel 扩大 claim boundary。,scout:fig3
task-099,final_six.fig4.final-statistics,fig4,Materializer,figure-scoped load-only statistics,final-statistics,fig4,Fig.5,src/experiments/paper_figures/fig4/run_task.py --task final-statistics --reuse-artifacts require,src/experiments/paper_figures/final_six/pipeline.py,"[""runner.c5_l2_successor_closure"",""materializer.fig4_accumulated_history_statistics""]","[""consumes"",""consumes""]","[""data/panel_*_plot_data.csv"",""metrics/panel_*_statistics.csv"",""meta/source_manifest.csv"",""summary.json""]","[""results/paper_figure_multi_seed/final_six_figures_v5_fig3g_fig4_2x2_fixed_20260810/fig4/"",""results/paper_figure_multi_seed/final_six_figures_v5_fig3g_fig4_2x2_fixed_20260810/fig4/""]",,current-authority,direct,supported,"[""4 quantitative panels；C5 与 accumulated-history 父源；cohort/schema pass。""]",internal fig4 final-statistics 已冻结 4 个面板并通过 20 网络/父哈希校验；任务结论限于 C5 donor-transfer 的模型内充分性与已声明的 accumulated-history 比较，不主张必要性、完全中介或唯一性。,该节点为 load-only 派生统计；不得用它补写未执行 runtime task，也不得跨 panel 扩大 claim boundary。,scout:fig4
task-100,final_six.fig5.final-statistics,fig5,Materializer,figure-scoped load-only statistics,final-statistics,fig5,Fig.6,src/experiments/paper_figures/fig5/run_task.py --task final-statistics --reuse-artifacts require,src/experiments/paper_figures/final_six/pipeline.py,"[""fig2.morphology"",""materializer.new_results_reanalysis"",""materializer.supplementary_v5""]","[""consumes"",""consumes"",""consumes""]","[""data/panel_*_plot_data.csv"",""metrics/panel_*_statistics.csv"",""meta/source_manifest.csv"",""summary.json""]","[""results/paper_figure_multi_seed/final_six_figures_v5_fig3g_fig4_2x2_fixed_20260810/fig5/"",""results/paper_figure_multi_seed/final_six_figures_v5_fig3g_fig4_2x2_fixed_20260810/fig5/""]",,current-authority,direct,supported,"[""6 quantitative panels；pair-state、new_results_reanalysis 与 supplementary_v5 父源。""]",internal fig5 final-statistics 已冻结 6 个结构组织面板；任务结论限于 pair 保留、经验配对特异性及随负载/延迟变化的描述性形态，不把 N_eff 解释为容量或功能回忆。,该节点为 load-only 派生统计；不得用它补写未执行 runtime task，也不得跨 panel 扩大 claim boundary。,scout:fig5
task-101,final_six.fig6.final-statistics,fig6,Materializer,figure-scoped load-only statistics,final-statistics,fig6,Fig.7,src/experiments/paper_figures/fig6/run_task.py --task final-statistics --reuse-artifacts require,src/experiments/paper_figures/final_six/pipeline.py,"[""fig2.partial_cue"",""fig3.weak_cue_access"",""fig3.cue_specificity_access"",""fig3.boundary_summary"",""fig6.high_stsp_overlap_ablation"",""fig6.overlap_gated_stsp_recruitment""]","[""consumes"",""consumes"",""consumes"",""consumes"",""consumes"",""consumes""]","[""data/panel_*_plot_data.csv"",""metrics/panel_*_statistics.csv"",""meta/source_manifest.csv"",""summary.json""]","[""results/paper_figure_multi_seed/final_six_figures_v5_fig3g_fig4_2x2_fixed_20260810/fig6/"",""results/paper_figure_multi_seed/final_six_figures_v5_fig3g_fig4_2x2_fixed_20260810/fig6/""]",,current-authority,direct,supported,"[""6 quantitative panels、140 个父文件、20 seed cohort pass；panel e/f 的 legacy 父哈希经抽查一致。""]",internal fig6 final-statistics 已冻结 6 个条件性功能面板并通过 20 seed cohort 与父哈希校验；任务结论只覆盖部分线索恢复、串行访问、线索特异性、K×delay 边界及两个有界扰动/交互端点。,该节点为 load-only 派生统计；不得用它补写未执行 runtime task，也不得跨 panel 扩大 claim boundary。,scout:fig6
task-102,orchestrator.run_paper_figures,orchestrator,Orchestrator,multi-figure batch,run_paper_figures,,,src/experiments/paper_figures/run_paper_figures.py::main,,"[""runner.legacy.fig1"",""runner.legacy.fig2"",""runner.legacy.fig3"",""runner.legacy.fig4"",""runner.legacy.fig5"",""runner.legacy.fig6""]","[""orchestrates"",""orchestrates"",""orchestrates"",""orchestrates"",""orchestrates"",""orchestrates""]",[],"[""src/experiments/paper_figures/run_paper_figures.py""]",,exploratory,direct,conflicted,"[""批量运行清单与 seed bundle 校验逻辑存在。"",""build 阶段仍引用不存在的 src.plotting.paper_fig.build。""]",run_paper_figures 只编排 legacy 单图 runner；其运行覆盖可由 batch manifest 审计，但默认 build 阶段引用已删除模块，故当前端到端入口处于冲突状态且不产生科学结论。,需使用 --no-build-paper-figures 或迁移到维护中的 plot-only 入口；figX_supp 目标也无实现。,scout:ecosystem
task-103,orchestrator.run_upstream_artifact_warmup,orchestrator,Orchestrator,artifact warmup,run_upstream_artifact_warmup,,,src/experiments/paper_figures/run_upstream_artifact_warmup.py::main,,"[""fig1.dms_boundary_bank"",""fig2.state_bank"",""fig3.boundary_state_bank"",""fig4.rollouts"",""fig5.preprobe_support_bank"",""fig6.sequence_bank"",""sequence_root.shared_sequence_root_bank""]","[""orchestrates"",""orchestrates"",""orchestrates"",""orchestrates"",""orchestrates"",""orchestrates"",""orchestrates""]",[],"[""results/multi_seed_rollout/warmup_manifest.json"",""results/multi_seed_rollout/""]",,exploratory,direct,operational-only,"[""multi_seed_rollout preset 覆盖 1000–1019 seeds，并记录 task/command。""]",run_upstream_artifact_warmup 已留下多种子预热清单，用于物化可复用父工件；其成功只表示调度与工件存在性，不形成科学结论。,部分被预热父工件后来丢失必需 manifest，不能以旧 warmup 成功替代当前 require 校验。,scout:ecosystem
task-104,orchestrator.fig1.run,orchestrator,Orchestrator,single-figure wrapper,run,fig1,Fig.2（经 redesign；内部 fig1）,src/experiments/paper_figures/fig1/run.py::main,,"[""orchestrator.run_paper_figures""]","[""requires""]",[],"[""results/paper_figure_multi_seed/fig1_functional_stsp_substrate/fig1_functional_stsp_substrate/seed_*/""]",,active-parent,contractual,operational-only,"[""该 wrapper 将 figure scope 固定为 fig1 并复用 run_paper_figures。""]",fig1/run.py 只是 run_paper_figures 的单图包装器，结论仅为可独立调度 fig1 范围，不新增结果或科学主张。,继承主编排器的 dangling build 入口。,scout:ecosystem
task-105,orchestrator.fig2.run,orchestrator,Orchestrator,single-figure wrapper,run,fig2,Fig.3,src/experiments/paper_figures/fig2/run.py::main,,"[""orchestrator.run_paper_figures""]","[""requires""]",[],"[""results/paper_figure_multi_seed/fig2_pair_fused_stsp_state/fig2_pair_fused_stsp_state/seed_*/""]",,active-parent,contractual,operational-only,"[""该 wrapper 将 figure scope 固定为 fig2 并复用 run_paper_figures。""]",fig2/run.py 只是 run_paper_figures 的单图包装器，结论仅为可独立调度 fig2 范围，不新增结果或科学主张。,继承主编排器的 dangling build 入口。,scout:ecosystem
task-106,orchestrator.fig3.run,orchestrator,Orchestrator,single-figure wrapper,run,fig3,Fig.4,src/experiments/paper_figures/fig3/run.py::main,,"[""orchestrator.run_paper_figures""]","[""requires""]",[],"[""results/paper_figure_multi_seed/fig3_multiitem_peak_landscape/seed_*/""]",,active-parent,contractual,operational-only,"[""该 wrapper 将 figure scope 固定为 fig3 并复用 run_paper_figures。""]",fig3/run.py 只是 run_paper_figures 的单图包装器，结论仅为可独立调度 fig3 范围，不新增结果或科学主张。,继承主编排器的 dangling build 入口。,scout:ecosystem
task-107,orchestrator.fig4.run,orchestrator,Orchestrator,single-figure wrapper,run,fig4,Fig.5,src/experiments/paper_figures/fig4/run.py::main,,"[""orchestrator.run_paper_figures""]","[""requires""]",[],"[""results/paper_figure_multi_seed/fig4_overlap_reentry/seed_*/""]",,active-parent,contractual,operational-only,"[""该 wrapper 将 figure scope 固定为 fig4 并复用 run_paper_figures。""]",fig4/run.py 只是 run_paper_figures 的单图包装器，结论仅为可独立调度 fig4 范围，不新增结果或科学主张。,继承主编排器的 dangling build 入口。,scout:ecosystem
task-108,orchestrator.fig5.run,orchestrator,Orchestrator,single-figure wrapper,run,fig5,Fig.6,src/experiments/paper_figures/fig5/run.py::main,,"[""orchestrator.run_paper_figures""]","[""requires""]",[],"[""results/paper_figure_multi_seed/fig5_local_support_competition/seed_*/""]",,active-parent,contractual,operational-only,"[""该 wrapper 将 figure scope 固定为 fig5 并复用 run_paper_figures。""]",fig5/run.py 只是 run_paper_figures 的单图包装器，结论仅为可独立调度 fig5 范围，不新增结果或科学主张。,继承主编排器的 dangling build 入口。,scout:ecosystem
task-109,orchestrator.fig6.run,orchestrator,Orchestrator,single-figure wrapper,run,fig6,Fig.7,src/experiments/paper_figures/fig6/run.py::main,,"[""orchestrator.run_paper_figures""]","[""requires""]",[],"[""results/paper_figure_multi_seed/fig6_peak_amplified_reentry/seed_*/""]",,active-parent,contractual,operational-only,"[""该 wrapper 将 figure scope 固定为 fig6 并复用 run_paper_figures。""]",fig6/run.py 只是 run_paper_figures 的单图包装器，结论仅为可独立调度 fig6 范围，不新增结果或科学主张。,继承主编排器的 dangling build 入口。,scout:ecosystem
task-110,runner.legacy.fig1,runner,Runner Experiment,legacy full-run producer,fig1,fig1,Fig.2（经 redesign；内部 fig1）,src/experiments/paper_figures/fig1_functional_stsp_substrate_experiment.py::main,,"[""artifact:results/multi_snn/sdnn_ensemble_20"",""artifact:MNIST""]","[""consumes"",""consumes""]",[],"[""results/paper_figure_multi_seed/fig1_functional_stsp_substrate/fig1_functional_stsp_substrate/seed_*/summary.json"",""results/paper_figure_multi_seed/fig1_functional_stsp_substrate/fig1_functional_stsp_substrate/seed_*/meta/run_info.json""]",,active-parent,direct,bounded,"[""20-seed fig1_functional_stsp_substrate bundle 可寻址，并作为后续 materializer 的父源。""]",legacy fig1 runner 已形成可追踪的逐 seed fig1_functional_stsp_substrate bundle；其任务结论限于保存单网络输出，跨网络推断必须由后续聚合器承担。,单入口 full-run 不具备当前 per-task artifact reuse 粒度；部分 bundle 来自旧参数/旧模块。,scout:ecosystem
task-111,runner.legacy.fig2,runner,Runner Experiment,legacy full-run producer,fig2,fig2,Fig.3,src/experiments/paper_figures/fig2_pair_fused_stsp_state_experiment.py::main,,"[""artifact:results/multi_snn/sdnn_ensemble_20"",""artifact:MNIST""]","[""consumes"",""consumes""]",[],"[""results/paper_figure_multi_seed/fig2_pair_fused_stsp_state/fig2_pair_fused_stsp_state/seed_*/summary.json"",""results/paper_figure_multi_seed/fig2_pair_fused_stsp_state/fig2_pair_fused_stsp_state/seed_*/meta/run_info.json""]",,active-parent,direct,bounded,"[""20-seed fig2_pair_fused_stsp_state bundle 可寻址，并作为后续 materializer 的父源。""]",legacy fig2 runner 已形成可追踪的逐 seed fig2_pair_fused_stsp_state bundle；其任务结论限于保存单网络输出，跨网络推断必须由后续聚合器承担。,单入口 full-run 不具备当前 per-task artifact reuse 粒度；部分 bundle 来自旧参数/旧模块。,scout:ecosystem
task-112,runner.legacy.fig3,runner,Runner Experiment,legacy full-run producer,fig3,fig3,Fig.4,src/experiments/paper_figures/fig3_multiitem_peak_landscape_experiment.py::main,,"[""artifact:results/multi_snn/sdnn_ensemble_20"",""artifact:MNIST""]","[""consumes"",""consumes""]",[],"[""results/paper_figure_multi_seed/fig3_multiitem_peak_landscape/seed_*/summary.json"",""results/paper_figure_multi_seed/fig3_multiitem_peak_landscape/seed_*/meta/run_info.json""]",,active-parent,direct,bounded,"[""20-seed fig3_multiitem_peak_landscape bundle 可寻址，并作为后续 materializer 的父源。""]",legacy fig3 runner 已形成可追踪的逐 seed fig3_multiitem_peak_landscape bundle；其任务结论限于保存单网络输出，跨网络推断必须由后续聚合器承担。,单入口 full-run 不具备当前 per-task artifact reuse 粒度；部分 bundle 来自旧参数/旧模块。,scout:ecosystem
task-113,runner.legacy.fig4,runner,Runner Experiment,legacy full-run producer,fig4,fig4,Fig.5,src/experiments/paper_figures/fig4_overlap_reentry_experiment.py::main,,"[""artifact:results/multi_snn/sdnn_ensemble_20"",""artifact:MNIST""]","[""consumes"",""consumes""]",[],"[""results/paper_figure_multi_seed/fig4_overlap_reentry/seed_*/summary.json"",""results/paper_figure_multi_seed/fig4_overlap_reentry/seed_*/meta/run_info.json""]",,active-parent,direct,bounded,"[""20-seed fig4_overlap_reentry bundle 可寻址，并作为后续 materializer 的父源。""]",legacy fig4 runner 已形成可追踪的逐 seed fig4_overlap_reentry bundle；其任务结论限于保存单网络输出，跨网络推断必须由后续聚合器承担。,单入口 full-run 不具备当前 per-task artifact reuse 粒度；部分 bundle 来自旧参数/旧模块。,scout:ecosystem
task-114,runner.legacy.fig5,runner,Runner Experiment,legacy full-run producer,fig5,fig5,Fig.6,src/experiments/paper_figures/fig5_local_support_competition_experiment.py::main,,"[""artifact:results/multi_snn/sdnn_ensemble_20"",""artifact:MNIST""]","[""consumes"",""consumes""]",[],"[""results/paper_figure_multi_seed/fig5_local_support_competition/seed_*/summary.json"",""results/paper_figure_multi_seed/fig5_local_support_competition/seed_*/meta/run_info.json""]",,active-parent,direct,bounded,"[""20-seed fig5_local_support_competition bundle 可寻址，并作为后续 materializer 的父源。""]",legacy fig5 runner 已形成可追踪的逐 seed fig5_local_support_competition bundle；其任务结论限于保存单网络输出，跨网络推断必须由后续聚合器承担。,单入口 full-run 不具备当前 per-task artifact reuse 粒度；部分 bundle 来自旧参数/旧模块。,scout:ecosystem
task-115,runner.legacy.fig6,runner,Runner Experiment,legacy full-run producer,fig6,fig6,Fig.7,src/experiments/paper_figures/fig6_peak_amplified_reentry_experiment.py::main,,"[""artifact:results/multi_snn/sdnn_ensemble_20"",""artifact:MNIST""]","[""consumes"",""consumes""]",[],"[""results/paper_figure_multi_seed/fig6_peak_amplified_reentry/seed_*/summary.json"",""results/paper_figure_multi_seed/fig6_peak_amplified_reentry/seed_*/meta/run_info.json""]",,active-parent,direct,bounded,"[""20-seed fig6_peak_amplified_reentry bundle 可寻址，并作为后续 materializer 的父源。""]",legacy fig6 runner 已形成可追踪的逐 seed fig6_peak_amplified_reentry bundle；其任务结论限于保存单网络输出，跨网络推断必须由后续聚合器承担。,单入口 full-run 不具备当前 per-task artifact reuse 粒度；部分 bundle 来自旧参数/旧模块。,scout:ecosystem
task-116,runner.c5_l2_successor_closure,runner,Runner Experiment,causal transplant,c5_l2_successor_closure,,,src/experiments/runners/c5_l2_successor_closure.py::main,,"[""fig2.fixed_b_input_bank"",""fig2.fixed_b_history_bank""]","[""consumes"",""consumes""]",[],"[""results/causal_closure_multi_seed_20260803/c5_l2_successor/seed_*/"",""results/causal_closure_multi_seed_20260803/c5_l2_successor/aggregate/""]",,active-parent,direct,supported,"[""20 seed identity audits 与 aggregate effects/inference 均存在。""]",C5 runner 的 20 网络输出支持 post-B Layer-2 successor 对 identical-C 早期 Layer-2 处理及后续 Layer-3 successor 的模型内因果充分性；不支持必要性、完全中介或唯一性。,20-seed aggregate 没有独立 src 聚合入口；单 seed 细胞行不是独立网络。,scout:ecosystem
task-117,materializer.fig4_accumulated_history_statistics,materializer,Materializer,load-only reanalysis,fig4_accumulated_history_statistics,,,src/experiments/runners/fig4_accumulated_history_statistics.py::main,,"[""runner.legacy.fig3"",""runner.legacy.fig4"",""runner.legacy.fig5"",""fig2.fixed_b_cohort_aggregate""]","[""consumes"",""consumes"",""consumes"",""consumes""]",[],"[""results/paper_figure_multi_seed/fig4_accumulated_history_statistics/""]",,active-parent,direct,bounded,"[""20-seed candidate descriptive/inference tables、source manifest 与 parent-hash gate 存在。""]",fig4_accumulated_history_statistics 仅从冻结父结果重算 relation-balanced K1→K5 描述与推断，未重跑模拟；其结论受 candidate_plot_only_secondary_reanalysis 边界约束。,依赖 hash-pinned formal Fig.2b fallback；不是独立新实验。,scout:ecosystem
task-118,materializer.new_results_reanalysis,materializer,Materializer,network-first post-hoc reanalysis,new_results_reanalysis,,,src/experiments/runners/new_results_reanalysis.py::main,,"[""runner.legacy.fig1"",""runner.legacy.fig2"",""runner.legacy.fig3"",""runner.legacy.fig5""]","[""consumes"",""consumes"",""consumes"",""consumes""]",[],"[""results/paper_figure_multi_seed/new_results_reanalysis/""]",,active-parent,direct,bounded,"[""20-network inference_long.csv、source_manifest.csv 与 promotion record 存在。""]",new_results_reanalysis 已将指定 legacy bundles 重聚合为网络级 post-hoc 表；其结论独立于 exact-B 确认队列，不能替代后者。,依赖重排后的 legacy 路径；无独立 plot-only 入口。,scout:ecosystem
task-119,materializer.paper_fig1_fig2_redesign,materializer,Materializer,redesign source-data builder,paper_fig1_fig2_redesign,,,src/experiments/runners/paper_fig1_fig2_redesign.py::main,,"[""final_six.fig1.final-statistics"",""artifact:src/core/network.py""]","[""consumes"",""consumes""]",[],"[""results/paper_figure_redesign_20260811/""]",,current-authority,direct,supported,"[""13 条 source manifest 均可解析；Fig.2 a–d 为 internal fig1 b–e 数值不变重标。""]",paper_fig1_fig2_redesign 已把 internal fig1 b–e 不改数值地重标为稿件 Fig.2 a–d，并生成确定性 STSP 机制曲线；它没有新增网络级推断。,机制曲线是 deterministic illustration；依赖 network.py 的 STSP 默认参数。,scout:ecosystem
task-120,materializer.supplementary_v5,materializer,Materializer,S1–S7 source-data builder,supplementary_v5,,,src/experiments/runners/supplementary_v5.py::main,,"[""runner.legacy.fig1"",""runner.legacy.fig2"",""runner.legacy.fig3"",""runner.legacy.fig4"",""runner.legacy.fig5"",""runner.legacy.fig6"",""runner.c5_l2_successor_closure""]","[""consumes"",""consumes"",""consumes"",""consumes"",""consumes"",""consumes"",""consumes""]",[],"[""results/paper_figure_multi_seed/supplementary_v5/""]",,active-parent,direct,supported,"[""维护中的 supplementary_v5 source bundle 完整；其版本化 current 消费束的 S1–S6 input manifest 351 rows、S7 input manifest 100 rows，当前均无缺失。""]",supplementary_v5 materializer 已从冻结父结果生成 S1–S7 network-first Source Data，并以 source-data QA 与 Holm 硬门控制决定性行；结论只属于各补图声明端点。,当前稿件 S1–S6 与 S7 来自两个版本化 bundle；绘图原位写入同一 bundle。,scout:ecosystem
task-121,materializer.final_six.all,materializer,Materializer,all-figure load-only builder,all,,,src/experiments/paper_figures/final_six/__main__.py -> pipeline.main,,"[""final_six.fig1.final-statistics"",""final_six.fig2.final-statistics"",""final_six.fig3.final-statistics"",""final_six.fig4.final-statistics"",""final_six.fig5.final-statistics"",""final_six.fig6.final-statistics""]","[""orchestrates"",""orchestrates"",""orchestrates"",""orchestrates"",""orchestrates"",""orchestrates""]",[],"[""results/paper_figure_multi_seed/final_six_figures_v5_fig3g_fig4_2x2_fixed_20260810/summary.json""]",,current-authority,direct,supported,"[""版本化 current bundle 为 complete：32 panels、29 quantitative、498 parents、validation pass。"",""默认 final_six_figures 根为 statistics_partial，仅 fig1。""]",final_six all materializer 的版本化 current bundle 已完整物化六个 internal figures 并通过 cohort/schema/parent-hash 校验；默认输出根仍为 partial，不能与该 current bundle 混同。,该节点只物化既有证据；不允许从默认目录名推断权威。,scout:ecosystem
task-122,validator.final_six,validator,Aggregator,bundle QA gate,final_six,,,src/experiments/paper_figures/final_six/validate_bundle.py::main,,"[""materializer.final_six.all"",""plot.final_six.fig1"",""plot.final_six.fig2"",""plot.final_six.fig3"",""plot.final_six.fig4"",""plot.final_six.fig5"",""plot.final_six.fig6""]","[""consumes"",""consumes"",""consumes"",""consumes"",""consumes"",""consumes"",""consumes""]",[],"[""results/paper_figure_multi_seed/final_six_figures_v5_fig3g_fig4_2x2_fixed_20260810/logs/validation.log"",""results/paper_figure_multi_seed/final_six_figures_v5_fig3g_fig4_2x2_fixed_20260810/summary.json""]",,current-authority,direct,operational-only,"[""current bundle validation_status=pass、parent_hashes_unchanged=true、statistics_rows_checked=266。""]",final_six validator 已对 current 版本化 bundle 的统计行数、父哈希、绘图重放与导出文件执行最终 QA 并通过；该结论是操作性完整性结论。,默认 partial 根不能通过完整 bundle 验证。,scout:ecosystem
task-123,plot.paper_fig1_fig2_redesign,plot,Plot Consumer,manuscript Fig.1–Fig.2 renderer,paper_fig1_fig2_redesign,,,src/plotting/experiments/paper_fig1_fig2_redesign_plot.py::main,,"[""materializer.paper_fig1_fig2_redesign""]","[""presents""]",[],"[""results/paper_figure_redesign_20260811/figures/fig1.png"",""results/paper_figure_redesign_20260811/figures/fig2.png""]",,current-authority,direct,operational-only,"[""Fig.1 与 Fig.2 的 PNG/PDF/SVG 存在，visual QA 均 passed。""]",redesign plot consumer 已把冻结 source data 渲染为稿件 Fig.1–Fig.2 且视觉 QA 通过；它只呈现数据，不产生新科学结论。,无独立 --check-only。,scout:ecosystem
task-124,plot.supplementary_v5,plot,Plot Consumer,S1–S7 renderer,supplementary_v5,,,src/plotting/experiments/supplementary_v5_plot.py::main,,"[""materializer.supplementary_v5""]","[""presents""]",[],"[""results/paper_figure_multi_seed/supplementary_v5_c5_revised_20260804_r2/figures/"",""results/paper_figure_multi_seed/supplementary_v5_s7_complete_pairs_20260812_r1/figures/""]",,current-authority,direct,operational-only,"[""当前 S1–S7 PNG/PDF/SVG 均存在，plot_qa 可寻址。""]",supplementary_v5 plot consumer 已从冻结 Source Data 渲染当前 S1–S7 并记录父哈希与几何 QA；它不重跑模拟也不新增结论。,原位写图，需维持 plot-owned 文件豁免边界。,scout:ecosystem
task-125,plot.final_six.fig1,plot,Plot Consumer,final-six plot-only leaf,fig1,fig1,Fig.2（经 redesign；内部 fig1）,src/plotting/paper_fig/final_six/fig1_plot.py::main,,"[""final_six.fig1.final-statistics""]","[""presents""]",[],"[""results/paper_figure_multi_seed/final_six_figures_v5_fig3g_fig4_2x2_fixed_20260810/fig1/figures/fig1.png""]",,active-parent,direct,operational-only,"[""fig1 PNG/PDF/SVG 与 replay/visual QA 文件存在；对应 Fig.2（经 redesign；内部 fig1）。""]",fig1_plot 是 Fig.2（经 redesign；内部 fig1） 对应 internal bundle 的叶绘图消费者，已从冻结 CSV 渲染并通过既有 QA；它不加载模型、不产生新结论。,--check-only 仍需读取全部 panel source；内嵌 layout spec 随代码版本变化。,scout:ecosystem
task-126,plot.final_six.fig2,plot,Plot Consumer,final-six plot-only leaf,fig2,fig2,Fig.3,src/plotting/paper_fig/final_six/fig2_plot.py::main,,"[""final_six.fig2.final-statistics""]","[""presents""]",[],"[""results/paper_figure_multi_seed/final_six_figures_v5_fig3g_fig4_2x2_fixed_20260810/fig2/figures/fig2.png""]",,current-authority,direct,operational-only,"[""fig2 PNG/PDF/SVG 与 replay/visual QA 文件存在；对应 Fig.3。""]",fig2_plot 是 Fig.3 对应 internal bundle 的叶绘图消费者，已从冻结 CSV 渲染并通过既有 QA；它不加载模型、不产生新结论。,--check-only 仍需读取全部 panel source；内嵌 layout spec 随代码版本变化。,scout:ecosystem
task-127,plot.final_six.fig3,plot,Plot Consumer,final-six plot-only leaf,fig3,fig3,Fig.4,src/plotting/paper_fig/final_six/fig3_plot.py::main,,"[""final_six.fig3.final-statistics""]","[""presents""]",[],"[""results/paper_figure_multi_seed/final_six_figures_v5_fig3g_fig4_2x2_fixed_20260810/fig3/figures/fig3.png""]",,current-authority,direct,operational-only,"[""fig3 PNG/PDF/SVG 与 replay/visual QA 文件存在；对应 Fig.4。""]",fig3_plot 是 Fig.4 对应 internal bundle 的叶绘图消费者，已从冻结 CSV 渲染并通过既有 QA；它不加载模型、不产生新结论。,--check-only 仍需读取全部 panel source；内嵌 layout spec 随代码版本变化。,scout:ecosystem
task-128,plot.final_six.fig4,plot,Plot Consumer,final-six plot-only leaf,fig4,fig4,Fig.5,src/plotting/paper_fig/final_six/fig4_plot.py::main,,"[""final_six.fig4.final-statistics""]","[""presents""]",[],"[""results/paper_figure_multi_seed/final_six_figures_v5_fig3g_fig4_2x2_fixed_20260810/fig4/figures/fig4.png""]",,current-authority,direct,operational-only,"[""fig4 PNG/PDF/SVG 与 replay/visual QA 文件存在；对应 Fig.5。""]",fig4_plot 是 Fig.5 对应 internal bundle 的叶绘图消费者，已从冻结 CSV 渲染并通过既有 QA；它不加载模型、不产生新结论。,--check-only 仍需读取全部 panel source；内嵌 layout spec 随代码版本变化。,scout:ecosystem
task-129,plot.final_six.fig5,plot,Plot Consumer,final-six plot-only leaf,fig5,fig5,Fig.6,src/plotting/paper_fig/final_six/fig5_plot.py::main,,"[""final_six.fig5.final-statistics""]","[""presents""]",[],"[""results/paper_figure_multi_seed/final_six_figures_v5_fig3g_fig4_2x2_fixed_20260810/fig5/figures/fig5.png""]",,current-authority,direct,operational-only,"[""fig5 PNG/PDF/SVG 与 replay/visual QA 文件存在；对应 Fig.6。""]",fig5_plot 是 Fig.6 对应 internal bundle 的叶绘图消费者，已从冻结 CSV 渲染并通过既有 QA；它不加载模型、不产生新结论。,--check-only 仍需读取全部 panel source；内嵌 layout spec 随代码版本变化。,scout:ecosystem
task-130,plot.final_six.fig6,plot,Plot Consumer,final-six plot-only leaf,fig6,fig6,Fig.7,src/plotting/paper_fig/final_six/fig6_plot.py::main,,"[""final_six.fig6.final-statistics""]","[""presents""]",[],"[""results/paper_figure_multi_seed/final_six_figures_v5_fig3g_fig4_2x2_fixed_20260810/fig6/figures/fig6.png""]",,current-authority,direct,operational-only,"[""fig6 PNG/PDF/SVG 与 replay/visual QA 文件存在；对应 Fig.7。""]",fig6_plot 是 Fig.7 对应 internal bundle 的叶绘图消费者，已从冻结 CSV 渲染并通过既有 QA；它不加载模型、不产生新结论。,--check-only 仍需读取全部 panel source；内嵌 layout spec 随代码版本变化。,scout:ecosystem
