source_path,proposed_action,destination_path,age_scope,file_count,total_bytes,old_file_count,old_bytes,oldest_file_mtime,latest_file_mtime,symlink_count,scan_errors,tree_sha256,reason,evidence,approval_required,execution_status
reviews,archive,archive/reviews_202606,whole_path,738,17374183,738,17374183,2026-06-12T08:17:23+08:00,2026-06-29T11:16:18+08:00,0,0,cff59f4e6f5f3d5a088f06ea232a412e9036d1eb6279b240e48ef8222c89e8e7,"Completed pre-V6 review runs with no current code, manuscript, or manifest consumer.",All 738 regular files are older than the cutoff; manual consumer scan on 2026-08-14 found no live reference.,yes_move_batch,dry_run_only
fig,archive,docs/archive/paper/legacy-assets_202605,whole_path,2,1003693,2,1003693,2026-05-11T16:10:46+08:00,2026-05-12T10:07:57+08:00,0,0,8ddae8216475c1ac5789ef0ec6a2979acafb19e3aee13300fcba5a8cc302edd2,"Legacy manuscript PDF and panel mapping workbook, superseded by docs/paper and current result manifests.",Both files predate the cutoff and no live consumer was found.,yes_move_batch,dry_run_only
sandbox_document.xml,archive,archive/work_history/document_extraction_202604/sandbox_document.xml,whole_path,1,229170,1,229170,2026-04-09T09:34:48+08:00,2026-04-09T09:34:48+08:00,0,0,9113febd8fb1efd58ce50200c077259b0fbc093dbe29f83f96c242df60c51686,Unconsumed historical document-extraction artifact.,"Ignored by project policy, older than the cutoff, and absent from live consumer references.",yes_move_batch,dry_run_only
tmp/fig3_batch_opt_batch_boundary.log,archive,archive/work_history/experiment_probes_202606/fig3_batch_opt_batch_boundary.log,whole_path,1,2706,1,2706,2026-06-02T14:32:02+08:00,2026-06-02T14:32:02+08:00,0,0,a600caaf9bb0a5ef1133ff051cd6ed295a5fdcb31795ecd12325df439e27b119,Historical Fig.3 probe or run receipt retained only for provenance.,File predates the cutoff and current runtime entrypoints no longer consume tmp/ probes.,yes_move_batch,dry_run_only
tmp/fig3_batch_opt_batch_boundary_time.txt,archive,archive/work_history/experiment_probes_202606/fig3_batch_opt_batch_boundary_time.txt,whole_path,1,346,1,346,2026-06-02T14:33:18+08:00,2026-06-02T14:33:18+08:00,0,0,9801543282a9c4fbe273cfe679b4c45e84d993b088fbc6ab03b097c3f5f2fbb5,Historical Fig.3 probe or run receipt retained only for provenance.,File predates the cutoff and current runtime entrypoints no longer consume tmp/ probes.,yes_move_batch,dry_run_only
tmp/fig3_batch_opt_batch_boundary_v2.log,archive,archive/work_history/experiment_probes_202606/fig3_batch_opt_batch_boundary_v2.log,whole_path,1,2706,1,2706,2026-06-02T14:36:21+08:00,2026-06-02T14:36:21+08:00,0,0,a600caaf9bb0a5ef1133ff051cd6ed295a5fdcb31795ecd12325df439e27b119,Historical Fig.3 probe or run receipt retained only for provenance.,File predates the cutoff and current runtime entrypoints no longer consume tmp/ probes.,yes_move_batch,dry_run_only
tmp/fig3_batch_opt_batch_boundary_v2_time.txt,archive,archive/work_history/experiment_probes_202606/fig3_batch_opt_batch_boundary_v2_time.txt,whole_path,1,344,1,344,2026-06-02T14:37:54+08:00,2026-06-02T14:37:54+08:00,0,0,b23cdb69285506c574db69f0191573df38172d09a86ca0dc71c7ecda1f871d9b,Historical Fig.3 probe or run receipt retained only for provenance.,File predates the cutoff and current runtime entrypoints no longer consume tmp/ probes.,yes_move_batch,dry_run_only
tmp/fig3_batch_opt_batch_cue_d400.log,archive,archive/work_history/experiment_probes_202606/fig3_batch_opt_batch_cue_d400.log,whole_path,1,2706,1,2706,2026-06-02T14:33:39+08:00,2026-06-02T14:33:39+08:00,0,0,f8a4a637bc3eda1e0d6dc1985312354f634d99e328284d033792147cf9167188,Historical Fig.3 probe or run receipt retained only for provenance.,File predates the cutoff and current runtime entrypoints no longer consume tmp/ probes.,yes_move_batch,dry_run_only
tmp/fig3_batch_opt_batch_cue_d400_time.txt,archive,archive/work_history/experiment_probes_202606/fig3_batch_opt_batch_cue_d400_time.txt,whole_path,1,348,1,348,2026-06-02T14:35:17+08:00,2026-06-02T14:35:17+08:00,0,0,60520c6e3b315cc6ef9b320e1f3c32fed9a4a593d668afeb80dc9cb4f1d134aa,Historical Fig.3 probe or run receipt retained only for provenance.,File predates the cutoff and current runtime entrypoints no longer consume tmp/ probes.,yes_move_batch,dry_run_only
tmp/fig3_batch_opt_batch_cue_d400_v2.log,archive,archive/work_history/experiment_probes_202606/fig3_batch_opt_batch_cue_d400_v2.log,whole_path,1,2706,1,2706,2026-06-02T14:38:09+08:00,2026-06-02T14:38:09+08:00,0,0,f8a4a637bc3eda1e0d6dc1985312354f634d99e328284d033792147cf9167188,Historical Fig.3 probe or run receipt retained only for provenance.,File predates the cutoff and current runtime entrypoints no longer consume tmp/ probes.,yes_move_batch,dry_run_only
tmp/fig3_batch_opt_batch_cue_d400_v2_time.txt,archive,archive/work_history/experiment_probes_202606/fig3_batch_opt_batch_cue_d400_v2_time.txt,whole_path,1,334,1,334,2026-06-02T14:39:41+08:00,2026-06-02T14:39:41+08:00,0,0,f112193f46e02da06f30638030421719455af2186d2b54d4ef4f92db081ca216,Historical Fig.3 probe or run receipt retained only for provenance.,File predates the cutoff and current runtime entrypoints no longer consume tmp/ probes.,yes_move_batch,dry_run_only
tmp/fig3_batch_opt_serial_boundary.log,archive,archive/work_history/experiment_probes_202606/fig3_batch_opt_serial_boundary.log,whole_path,1,2706,1,2706,2026-06-02T14:18:08+08:00,2026-06-02T14:18:08+08:00,0,0,a600caaf9bb0a5ef1133ff051cd6ed295a5fdcb31795ecd12325df439e27b119,Historical Fig.3 probe or run receipt retained only for provenance.,File predates the cutoff and current runtime entrypoints no longer consume tmp/ probes.,yes_move_batch,dry_run_only
tmp/fig3_batch_opt_serial_boundary_time.txt,archive,archive/work_history/experiment_probes_202606/fig3_batch_opt_serial_boundary_time.txt,whole_path,1,348,1,348,2026-06-02T14:21:01+08:00,2026-06-02T14:21:01+08:00,0,0,89a078d87c7491ed839193720a0302e022684760fb66a59c4cce0b65c9377694,Historical Fig.3 probe or run receipt retained only for provenance.,File predates the cutoff and current runtime entrypoints no longer consume tmp/ probes.,yes_move_batch,dry_run_only
tmp/fig3_batch_opt_serial_cue.log,archive,archive/work_history/experiment_probes_202606/fig3_batch_opt_serial_cue.log,whole_path,1,5436,1,5436,2026-06-02T14:23:55+08:00,2026-06-02T14:23:55+08:00,0,0,361bb0022ae017188343ebf091c8bf33d9526094e3cf41bc28aeed940b897237,Historical Fig.3 probe or run receipt retained only for provenance.,File predates the cutoff and current runtime entrypoints no longer consume tmp/ probes.,yes_move_batch,dry_run_only
tmp/fig3_batch_opt_serial_cue_d400.log,archive,archive/work_history/experiment_probes_202606/fig3_batch_opt_serial_cue_d400.log,whole_path,1,2706,1,2706,2026-06-02T14:24:21+08:00,2026-06-02T14:24:21+08:00,0,0,f8a4a637bc3eda1e0d6dc1985312354f634d99e328284d033792147cf9167188,Historical Fig.3 probe or run receipt retained only for provenance.,File predates the cutoff and current runtime entrypoints no longer consume tmp/ probes.,yes_move_batch,dry_run_only
tmp/fig3_batch_opt_serial_cue_d400_time.txt,archive,archive/work_history/experiment_probes_202606/fig3_batch_opt_serial_cue_d400_time.txt,whole_path,1,348,1,348,2026-06-02T14:28:36+08:00,2026-06-02T14:28:36+08:00,0,0,01ae94b80e7959fd2fb4a4056bcb7f9fc0077eb386efc2534fa42b37f576dd98,Historical Fig.3 probe or run receipt retained only for provenance.,File predates the cutoff and current runtime entrypoints no longer consume tmp/ probes.,yes_move_batch,dry_run_only
tmp/fig3_batch_opt_serial_cue_time.txt,archive,archive/work_history/experiment_probes_202606/fig3_batch_opt_serial_cue_time.txt,whole_path,1,330,1,330,2026-06-02T14:23:56+08:00,2026-06-02T14:23:56+08:00,0,0,dda90d666620f6a794158716d50d0d6546672dbe9a536fb5a35e260c5dbc4575,Historical Fig.3 probe or run receipt retained only for provenance.,File predates the cutoff and current runtime entrypoints no longer consume tmp/ probes.,yes_move_batch,dry_run_only
tmp/fig3_full_all_stderr_20260602_095037.log,archive,archive/work_history/experiment_probes_202606/fig3_full_all_stderr_20260602_095037.log,whole_path,1,0,1,0,2026-06-02T09:50:37+08:00,2026-06-02T09:50:37+08:00,0,0,e3b0c44298fc1c149afbf4c8996fb92427ae41e4649b934ca495991b7852b855,Historical Fig.3 probe or run receipt retained only for provenance.,File predates the cutoff and current runtime entrypoints no longer consume tmp/ probes.,yes_move_batch,dry_run_only
tmp/fig3_full_all_stderr_20260602_095248.log,archive,archive/work_history/experiment_probes_202606/fig3_full_all_stderr_20260602_095248.log,whole_path,1,0,1,0,2026-06-02T09:52:48+08:00,2026-06-02T09:52:48+08:00,0,0,e3b0c44298fc1c149afbf4c8996fb92427ae41e4649b934ca495991b7852b855,Historical Fig.3 probe or run receipt retained only for provenance.,File predates the cutoff and current runtime entrypoints no longer consume tmp/ probes.,yes_move_batch,dry_run_only
tmp/fig3_full_all_stdout_20260602_095037.log,archive,archive/work_history/experiment_probes_202606/fig3_full_all_stdout_20260602_095037.log,whole_path,1,0,1,0,2026-06-02T09:50:37+08:00,2026-06-02T09:50:37+08:00,0,0,e3b0c44298fc1c149afbf4c8996fb92427ae41e4649b934ca495991b7852b855,Historical Fig.3 probe or run receipt retained only for provenance.,File predates the cutoff and current runtime entrypoints no longer consume tmp/ probes.,yes_move_batch,dry_run_only
tmp/fig3_full_all_stdout_20260602_095248.log,archive,archive/work_history/experiment_probes_202606/fig3_full_all_stdout_20260602_095248.log,whole_path,1,0,1,0,2026-06-02T09:52:48+08:00,2026-06-02T09:52:48+08:00,0,0,e3b0c44298fc1c149afbf4c8996fb92427ae41e4649b934ca495991b7852b855,Historical Fig.3 probe or run receipt retained only for provenance.,File predates the cutoff and current runtime entrypoints no longer consume tmp/ probes.,yes_move_batch,dry_run_only
tmp/fig3_rollout_connectivity_probe.log,archive,archive/work_history/experiment_probes_202606/fig3_rollout_connectivity_probe.log,whole_path,1,3176,1,3176,2026-06-02T14:54:14+08:00,2026-06-02T14:54:14+08:00,0,0,383520ccdcdab54d05312c2856c2f11664b2cd97bcca1ba657b79af0ae878907,Historical Fig.3 probe or run receipt retained only for provenance.,File predates the cutoff and current runtime entrypoints no longer consume tmp/ probes.,yes_move_batch,dry_run_only
tmp/fig3_seed1000_full_all_process.json,archive,archive/work_history/experiment_probes_202606/fig3_seed1000_full_all_process.json,whole_path,1,164,1,164,2026-06-02T15:31:16+08:00,2026-06-02T15:31:16+08:00,0,0,945a92591900f1aeee312552c605d685399357b6074e3e84754a42d0159aee3a,Historical Fig.3 probe or run receipt retained only for provenance.,File predates the cutoff and current runtime entrypoints no longer consume tmp/ probes.,yes_move_batch,dry_run_only
tmp/fig3_seed1000_full_all_require_stderr.log,archive,archive/work_history/experiment_probes_202606/fig3_seed1000_full_all_require_stderr.log,whole_path,1,2726,1,2726,2026-06-02T17:07:31+08:00,2026-06-02T17:07:31+08:00,0,0,bf3cc10bc0271a91807d62eb0b60798df3bd2f4f34c91676f56540b5848b0f9c,Historical Fig.3 probe or run receipt retained only for provenance.,File predates the cutoff and current runtime entrypoints no longer consume tmp/ probes.,yes_move_batch,dry_run_only
tmp/fig3_seed1000_full_all_require_stdout.log,archive,archive/work_history/experiment_probes_202606/fig3_seed1000_full_all_require_stdout.log,whole_path,1,0,1,0,2026-06-02T17:07:26+08:00,2026-06-02T17:07:26+08:00,0,0,e3b0c44298fc1c149afbf4c8996fb92427ae41e4649b934ca495991b7852b855,Historical Fig.3 probe or run receipt retained only for provenance.,File predates the cutoff and current runtime entrypoints no longer consume tmp/ probes.,yes_move_batch,dry_run_only
tmp/fig3_seed1000_full_all_require_time.txt,archive,archive/work_history/experiment_probes_202606/fig3_seed1000_full_all_require_time.txt,whole_path,1,347,1,347,2026-06-02T17:10:29+08:00,2026-06-02T17:10:29+08:00,0,0,b7b9f2abc0badd628cf0cea92460b8669182393977ef228763a7f7b0509a2e3a,Historical Fig.3 probe or run receipt retained only for provenance.,File predates the cutoff and current runtime entrypoints no longer consume tmp/ probes.,yes_move_batch,dry_run_only
tmp/fig3_seed1000_full_all_stderr.log,archive,archive/work_history/experiment_probes_202606/fig3_seed1000_full_all_stderr.log,whole_path,1,2726,1,2726,2026-06-02T15:32:07+08:00,2026-06-02T15:32:07+08:00,0,0,bf3cc10bc0271a91807d62eb0b60798df3bd2f4f34c91676f56540b5848b0f9c,Historical Fig.3 probe or run receipt retained only for provenance.,File predates the cutoff and current runtime entrypoints no longer consume tmp/ probes.,yes_move_batch,dry_run_only
tmp/fig3_seed1000_full_all_stdout.log,archive,archive/work_history/experiment_probes_202606/fig3_seed1000_full_all_stdout.log,whole_path,1,0,1,0,2026-06-02T15:32:03+08:00,2026-06-02T15:32:03+08:00,0,0,e3b0c44298fc1c149afbf4c8996fb92427ae41e4649b934ca495991b7852b855,Historical Fig.3 probe or run receipt retained only for provenance.,File predates the cutoff and current runtime entrypoints no longer consume tmp/ probes.,yes_move_batch,dry_run_only
tmp/fig3_seed1000_full_all_time.txt,archive,archive/work_history/experiment_probes_202606/fig3_seed1000_full_all_time.txt,whole_path,1,349,1,349,2026-06-02T17:06:20+08:00,2026-06-02T17:06:20+08:00,0,0,9536b077ad7a964e9e481b0490364b2c77f11f98b82d16a95805fc410867842f,Historical Fig.3 probe or run receipt retained only for provenance.,File predates the cutoff and current runtime entrypoints no longer consume tmp/ probes.,yes_move_batch,dry_run_only
tmp/fig3_seed1001_weak_cue_full_profile.py,archive,archive/work_history/experiment_probes_202606/fig3_seed1001_weak_cue_full_profile.py,whole_path,1,8103,1,8103,2026-06-03T07:43:52+08:00,2026-06-03T07:43:52+08:00,0,0,b877750feecd89941b93a0da3a6b69f714766499b0137b97435f85ad0a40d641,Historical Fig.3 probe or run receipt retained only for provenance.,File predates the cutoff and current runtime entrypoints no longer consume tmp/ probes.,yes_move_batch,dry_run_only
tmp/fig3_seed1001_weak_cue_full_profile_rerun.jsonl,archive,archive/work_history/experiment_probes_202606/fig3_seed1001_weak_cue_full_profile_rerun.jsonl,whole_path,1,10065,1,10065,2026-06-03T08:27:07+08:00,2026-06-03T08:27:07+08:00,0,0,ecd7dc29e7ce7b3bab27acddecd74dae13b0fbdaf4a559e2d65b0a7b05a3cf0d,Historical Fig.3 probe or run receipt retained only for provenance.,File predates the cutoff and current runtime entrypoints no longer consume tmp/ probes.,yes_move_batch,dry_run_only
tmp/fig3_seed1001_weak_cue_probe.py,archive,archive/work_history/experiment_probes_202606/fig3_seed1001_weak_cue_probe.py,whole_path,1,4256,1,4256,2026-06-03T07:28:10+08:00,2026-06-03T07:28:10+08:00,0,0,496d90a39533c6c4f480834c90decafb51236c027f7dc4a8e58991597facc68a,Historical Fig.3 probe or run receipt retained only for provenance.,File predates the cutoff and current runtime entrypoints no longer consume tmp/ probes.,yes_move_batch,dry_run_only
.codex/tmp,delete_after_explicit_approval,,files_before_cutoff,37437,9370839904,13165,6911859051,1980-01-01T00:00:00+08:00,2026-08-03T19:28:50+08:00,34,0,,Agent scratch data; scientific provenance must be promoted elsewhere before cleanup.,Not a scientific archive object; retaining it under archive would add recoverable clutter.,explicit_delete_approval,dry_run_only
.pytest_tmp,delete_after_explicit_approval,,files_before_cutoff,1697,76996073,1693,76993399,2026-05-05T14:47:50+08:00,2026-08-12T14:27:29+08:00,0,0,,Regenerable test outputs.,Not a scientific archive object; retaining it under archive would add recoverable clutter.,explicit_delete_approval,dry_run_only
cache,delete_after_explicit_approval,,whole_path,2902,158300929,2902,158300929,2025-09-08T15:29:12+08:00,2026-05-24T20:25:18+08:00,0,0,,Regenerable runtime cache.,Not a scientific archive object; retaining it under archive would add recoverable clutter.,explicit_delete_approval,dry_run_only
cache_data,delete_after_explicit_approval,,whole_path,2,220083402,2,220083402,2025-12-17T22:18:52+08:00,2025-12-17T22:18:53+08:00,0,0,,Unreferenced legacy tensor cache.,Not a scientific archive object; retaining it under archive would add recoverable clutter.,explicit_delete_approval,dry_run_only
data/MNIST,delete_after_explicit_approval,,whole_path,6,54983471,6,54983471,2026-04-23T18:37:55+08:00,2026-04-23T18:38:03+08:00,0,0,,"All 6 files are byte-identical duplicates of canonical MNIST/raw files (membership, size and SHA-256 verified).",Not a scientific archive object; retaining it under archive would add recoverable clutter.,explicit_delete_approval,dry_run_only
__pycache__,delete_after_explicit_approval,,whole_path,83,1319411,83,1319411,2026-03-01T10:49:41+08:00,2026-05-27T14:00:02+08:00,0,0,,Regenerable Python bytecode.,Not a scientific archive object; retaining it under archive would add recoverable clutter.,explicit_delete_approval,dry_run_only
tools,delete_after_explicit_approval,,whole_path,5,159761,5,159761,2026-05-14T13:30:16+08:00,2026-05-24T12:27:12+08:00,0,0,,Directory contains only regenerable bytecode.,Not a scientific archive object; retaining it under archive would add recoverable clutter.,explicit_delete_approval,dry_run_only
.mplconfig,delete_after_explicit_approval,,whole_path,1,87447,1,87447,2026-03-10T22:17:36+08:00,2026-03-10T22:17:36+08:00,0,0,,Regenerable Matplotlib cache.,Not a scientific archive object; retaining it under archive would add recoverable clutter.,explicit_delete_approval,dry_run_only
tmp/pdf_deps,delete_after_explicit_approval,,whole_path,167,4286366,167,4286366,2026-06-02T07:50:33+08:00,2026-06-02T07:50:58+08:00,0,0,,Regenerable temporary PDF dependencies.,Not a scientific archive object; retaining it under archive would add recoverable clutter.,explicit_delete_approval,dry_run_only
--help,remove_empty_directory_after_approval,,whole_path,0,0,0,0,,,0,0,,Empty root-level directory tree.,"No regular files, symlinks, or consumers.",explicit_delete_approval,dry_run_only
.agents,remove_empty_directory_after_approval,,whole_path,0,0,0,0,,,0,0,,Empty root-level directory tree.,"No regular files, symlinks, or consumers.",explicit_delete_approval,dry_run_only
.codex-tmp,remove_empty_directory_after_approval,,whole_path,0,0,0,0,,,0,0,,Empty root-level directory tree.,"No regular files, symlinks, or consumers.",explicit_delete_approval,dry_run_only
output,remove_empty_directory_after_approval,,whole_path,0,0,0,0,,,0,0,,Empty root-level directory tree.,"No regular files, symlinks, or consumers.",explicit_delete_approval,dry_run_only
