figure,panel,endpoint,contrast,estimate,ci95_low,ci95_high,unit,n,test,alternative,p_raw,p_adjusted,p_adjust_method,statistics_status,source_file
fig1,a,schematic,,,,,not_applicable,,,,,,,not_applicable,results\paper_figure_multi_seed\final_six_figures_v5_c5_revised_20260804_r2\fig1\metrics\panel_a_statistics.csv
fig1,b,overall_recall,,90.945,90.60159261963565,91.28840738036433,percent,20,,,,,,descriptive_only,results\paper_figure_multi_seed\final_six_figures_v5_c5_revised_20260804_r2\fig1\metrics\panel_b_statistics.csv
fig1,c,population_spike_rate,,10824.130000000001,10718.354950074276,10929.905049925726,Hz,20,,,,,,descriptive_only,results\paper_figure_multi_seed\final_six_figures_v5_c5_revised_20260804_r2\fig1\metrics\panel_c_statistics.csv
fig1,c,population_spike_rate,,18656.98,18493.452824078693,18820.507175921306,Hz,20,,,,,,descriptive_only,results\paper_figure_multi_seed\final_six_figures_v5_c5_revised_20260804_r2\fig1\metrics\panel_c_statistics.csv
fig1,c,population_spike_rate,,21357.09,21163.771214035525,21550.408785964475,Hz,20,,,,,,descriptive_only,results\paper_figure_multi_seed\final_six_figures_v5_c5_revised_20260804_r2\fig1\metrics\panel_c_statistics.csv
fig1,c,population_spike_rate,,0.0,0.0,0.0,Hz,20,,,,,,descriptive_only,results\paper_figure_multi_seed\final_six_figures_v5_c5_revised_20260804_r2\fig1\metrics\panel_c_statistics.csv
fig1,c,population_spike_rate,,0.0,0.0,0.0,Hz,20,,,,,,descriptive_only,results\paper_figure_multi_seed\final_six_figures_v5_c5_revised_20260804_r2\fig1\metrics\panel_c_statistics.csv
fig1,c,population_spike_rate,,0.0,0.0,0.0,Hz,20,,,,,,descriptive_only,results\paper_figure_multi_seed\final_six_figures_v5_c5_revised_20260804_r2\fig1\metrics\panel_c_statistics.csv
fig1,c,population_spike_rate,,0.0,0.0,0.0,Hz,20,,,,,,descriptive_only,results\paper_figure_multi_seed\final_six_figures_v5_c5_revised_20260804_r2\fig1\metrics\panel_c_statistics.csv
fig1,c,population_spike_rate,,0.0,0.0,0.0,Hz,20,,,,,,descriptive_only,results\paper_figure_multi_seed\final_six_figures_v5_c5_revised_20260804_r2\fig1\metrics\panel_c_statistics.csv
fig1,c,population_spike_rate,,0.0,0.0,0.0,Hz,20,,,,,,descriptive_only,results\paper_figure_multi_seed\final_six_figures_v5_c5_revised_20260804_r2\fig1\metrics\panel_c_statistics.csv
fig1,c,population_spike_rate,,0.0,0.0,0.0,Hz,20,,,,,,descriptive_only,results\paper_figure_multi_seed\final_six_figures_v5_c5_revised_20260804_r2\fig1\metrics\panel_c_statistics.csv
fig1,c,population_spike_rate,,0.0,0.0,0.0,Hz,20,,,,,,descriptive_only,results\paper_figure_multi_seed\final_six_figures_v5_c5_revised_20260804_r2\fig1\metrics\panel_c_statistics.csv
fig1,c,population_spike_rate,,0.0,0.0,0.0,Hz,20,,,,,,descriptive_only,results\paper_figure_multi_seed\final_six_figures_v5_c5_revised_20260804_r2\fig1\metrics\panel_c_statistics.csv
fig1,c,population_spike_rate,,7365.609999999999,7306.954223300862,7424.265776699135,Hz,20,,,,,,descriptive_only,results\paper_figure_multi_seed\final_six_figures_v5_c5_revised_20260804_r2\fig1\metrics\panel_c_statistics.csv
fig1,c,population_spike_rate,,12671.98,12576.901276187982,12767.058723812017,Hz,20,,,,,,descriptive_only,results\paper_figure_multi_seed\final_six_figures_v5_c5_revised_20260804_r2\fig1\metrics\panel_c_statistics.csv
fig1,c,population_spike_rate,,14531.090000000002,14418.994193362629,14643.185806637375,Hz,20,,,,,,descriptive_only,results\paper_figure_multi_seed\final_six_figures_v5_c5_revised_20260804_r2\fig1\metrics\panel_c_statistics.csv
fig1,c,population_spike_rate,,0.01,-0.010930240544082629,0.03093024054408263,Hz,20,,,,,,descriptive_only,results\paper_figure_multi_seed\final_six_figures_v5_c5_revised_20260804_r2\fig1\metrics\panel_c_statistics.csv
fig1,c,population_spike_rate,,0.0,0.0,0.0,Hz,20,,,,,,descriptive_only,results\paper_figure_multi_seed\final_six_figures_v5_c5_revised_20260804_r2\fig1\metrics\panel_c_statistics.csv
fig1,c,population_spike_rate,,0.0,0.0,0.0,Hz,20,,,,,,descriptive_only,results\paper_figure_multi_seed\final_six_figures_v5_c5_revised_20260804_r2\fig1\metrics\panel_c_statistics.csv
fig1,c,population_spike_rate,,0.0,0.0,0.0,Hz,20,,,,,,descriptive_only,results\paper_figure_multi_seed\final_six_figures_v5_c5_revised_20260804_r2\fig1\metrics\panel_c_statistics.csv
fig1,c,population_spike_rate,,0.0,0.0,0.0,Hz,20,,,,,,descriptive_only,results\paper_figure_multi_seed\final_six_figures_v5_c5_revised_20260804_r2\fig1\metrics\panel_c_statistics.csv
fig1,c,population_spike_rate,,0.0,0.0,0.0,Hz,20,,,,,,descriptive_only,results\paper_figure_multi_seed\final_six_figures_v5_c5_revised_20260804_r2\fig1\metrics\panel_c_statistics.csv
fig1,c,population_spike_rate,,0.0,0.0,0.0,Hz,20,,,,,,descriptive_only,results\paper_figure_multi_seed\final_six_figures_v5_c5_revised_20260804_r2\fig1\metrics\panel_c_statistics.csv
fig1,c,population_spike_rate,,0.0,0.0,0.0,Hz,20,,,,,,descriptive_only,results\paper_figure_multi_seed\final_six_figures_v5_c5_revised_20260804_r2\fig1\metrics\panel_c_statistics.csv
fig1,c,population_spike_rate,,0.0,0.0,0.0,Hz,20,,,,,,descriptive_only,results\paper_figure_multi_seed\final_six_figures_v5_c5_revised_20260804_r2\fig1\metrics\panel_c_statistics.csv
fig1,c,population_spike_rate,,20.0,20.0,20.0,Hz,20,,,,,,descriptive_only,results\paper_figure_multi_seed\final_six_figures_v5_c5_revised_20260804_r2\fig1\metrics\panel_c_statistics.csv
fig1,c,population_spike_rate,,0.0,0.0,0.0,Hz,20,,,,,,descriptive_only,results\paper_figure_multi_seed\final_six_figures_v5_c5_revised_20260804_r2\fig1\metrics\panel_c_statistics.csv
fig1,c,population_spike_rate,,0.0,0.0,0.0,Hz,20,,,,,,descriptive_only,results\paper_figure_multi_seed\final_six_figures_v5_c5_revised_20260804_r2\fig1\metrics\panel_c_statistics.csv
fig1,c,population_spike_rate,,0.0,0.0,0.0,Hz,20,,,,,,descriptive_only,results\paper_figure_multi_seed\final_six_figures_v5_c5_revised_20260804_r2\fig1\metrics\panel_c_statistics.csv
fig1,c,population_spike_rate,,0.0,0.0,0.0,Hz,20,,,,,,descriptive_only,results\paper_figure_multi_seed\final_six_figures_v5_c5_revised_20260804_r2\fig1\metrics\panel_c_statistics.csv
fig1,c,population_spike_rate,,0.0,0.0,0.0,Hz,20,,,,,,descriptive_only,results\paper_figure_multi_seed\final_six_figures_v5_c5_revised_20260804_r2\fig1\metrics\panel_c_statistics.csv
fig1,c,population_spike_rate,,0.0,0.0,0.0,Hz,20,,,,,,descriptive_only,results\paper_figure_multi_seed\final_six_figures_v5_c5_revised_20260804_r2\fig1\metrics\panel_c_statistics.csv
fig1,c,population_spike_rate,,0.0,0.0,0.0,Hz,20,,,,,,descriptive_only,results\paper_figure_multi_seed\final_six_figures_v5_c5_revised_20260804_r2\fig1\metrics\panel_c_statistics.csv
fig1,c,population_spike_rate,,0.0,0.0,0.0,Hz,20,,,,,,descriptive_only,results\paper_figure_multi_seed\final_six_figures_v5_c5_revised_20260804_r2\fig1\metrics\panel_c_statistics.csv
fig1,c,population_spike_rate,,0.0,0.0,0.0,Hz,20,,,,,,descriptive_only,results\paper_figure_multi_seed\final_six_figures_v5_c5_revised_20260804_r2\fig1\metrics\panel_c_statistics.csv
fig1,c,population_spike_rate,,0.0,0.0,0.0,Hz,20,,,,,,descriptive_only,results\paper_figure_multi_seed\final_six_figures_v5_c5_revised_20260804_r2\fig1\metrics\panel_c_statistics.csv
fig1,c,population_spike_rate,,0.0,0.0,0.0,Hz,20,,,,,,descriptive_only,results\paper_figure_multi_seed\final_six_figures_v5_c5_revised_20260804_r2\fig1\metrics\panel_c_statistics.csv
fig1,d,ux_delay_decoding_accuracy,,78.02999999999999,77.17573790379622,78.88426209620376,percent,20,,,,,,descriptive_only,results\paper_figure_multi_seed\final_six_figures_v5_c5_revised_20260804_r2\fig1\metrics\panel_d_statistics.csv
fig1,d,ux_delay_decoding_accuracy,,78.71000000000001,77.91315931138185,79.50684068861817,percent,20,,,,,,descriptive_only,results\paper_figure_multi_seed\final_six_figures_v5_c5_revised_20260804_r2\fig1\metrics\panel_d_statistics.csv
fig1,d,ux_delay_decoding_accuracy,,79.71000000000001,78.88082928214665,80.53917071785337,percent,20,,,,,,descriptive_only,results\paper_figure_multi_seed\final_six_figures_v5_c5_revised_20260804_r2\fig1\metrics\panel_d_statistics.csv
fig1,d,ux_delay_decoding_accuracy,,81.13000000000001,80.34905856371651,81.91094143628351,percent,20,,,,,,descriptive_only,results\paper_figure_multi_seed\final_six_figures_v5_c5_revised_20260804_r2\fig1\metrics\panel_d_statistics.csv
fig1,d,ux_delay_decoding_accuracy,,81.98,81.35695864030129,82.60304135969872,percent,20,,,,,,descriptive_only,results\paper_figure_multi_seed\final_six_figures_v5_c5_revised_20260804_r2\fig1\metrics\panel_d_statistics.csv
fig1,d,ux_delay_decoding_accuracy,,92.93999999999998,92.41742741951613,93.46257258048384,percent,20,,,,,,descriptive_only,results\paper_figure_multi_seed\final_six_figures_v5_c5_revised_20260804_r2\fig1\metrics\panel_d_statistics.csv
fig1,d,ux_delay_decoding_accuracy,,93.00999999999999,92.48533584387751,93.53466415612247,percent,20,,,,,,descriptive_only,results\paper_figure_multi_seed\final_six_figures_v5_c5_revised_20260804_r2\fig1\metrics\panel_d_statistics.csv
fig1,d,ux_delay_decoding_accuracy,,93.1,92.57972678539882,93.62027321460117,percent,20,,,,,,descriptive_only,results\paper_figure_multi_seed\final_six_figures_v5_c5_revised_20260804_r2\fig1\metrics\panel_d_statistics.csv
fig1,d,ux_delay_decoding_accuracy,,93.41999999999999,92.95753615136412,93.88246384863585,percent,20,,,,,,descriptive_only,results\paper_figure_multi_seed\final_six_figures_v5_c5_revised_20260804_r2\fig1\metrics\panel_d_statistics.csv
fig1,d,ux_delay_decoding_accuracy,,93.35999999999999,92.93744806848328,93.78255193151669,percent,20,,,,,,descriptive_only,results\paper_figure_multi_seed\final_six_figures_v5_c5_revised_20260804_r2\fig1\metrics\panel_d_statistics.csv
fig1,d,ux_delay_decoding_accuracy,,92.22,91.71192378547606,92.72807621452394,percent,20,,,,,,descriptive_only,results\paper_figure_multi_seed\final_six_figures_v5_c5_revised_20260804_r2\fig1\metrics\panel_d_statistics.csv
fig1,d,ux_delay_decoding_accuracy,,92.28999999999999,91.78687162425004,92.79312837574994,percent,20,,,,,,descriptive_only,results\paper_figure_multi_seed\final_six_figures_v5_c5_revised_20260804_r2\fig1\metrics\panel_d_statistics.csv
fig1,d,ux_delay_decoding_accuracy,,92.33000000000001,91.83444414530634,92.82555585469369,percent,20,,,,,,descriptive_only,results\paper_figure_multi_seed\final_six_figures_v5_c5_revised_20260804_r2\fig1\metrics\panel_d_statistics.csv
fig1,d,ux_delay_decoding_accuracy,,92.52000000000001,91.9980454831038,93.04195451689623,percent,20,,,,,,descriptive_only,results\paper_figure_multi_seed\final_six_figures_v5_c5_revised_20260804_r2\fig1\metrics\panel_d_statistics.csv
fig1,d,ux_delay_decoding_accuracy,,92.69000000000001,92.2210259163532,93.15897408364683,percent,20,,,,,,descriptive_only,results\paper_figure_multi_seed\final_six_figures_v5_c5_revised_20260804_r2\fig1\metrics\panel_d_statistics.csv
fig1,e,error_composition,,23.552633018572298,19.352291118555495,27.7529749185891,percent,20,,,,,,descriptive_only,results\paper_figure_multi_seed\final_six_figures_v5_c5_revised_20260804_r2\fig1\metrics\panel_e_statistics.csv
fig1,e,error_composition,,8.373209709073087,5.853834664663824,10.89258475348235,percent,20,,,,,,descriptive_only,results\paper_figure_multi_seed\final_six_figures_v5_c5_revised_20260804_r2\fig1\metrics\panel_e_statistics.csv
fig1,e,error_composition,,68.07415727235461,63.46724059104326,72.68107395366596,percent,20,,,,,,descriptive_only,results\paper_figure_multi_seed\final_six_figures_v5_c5_revised_20260804_r2\fig1\metrics\panel_e_statistics.csv
fig1,e,error_composition,,9.491367592222343,7.37227207834107,11.610463106103616,percent,20,,,,,,descriptive_only,results\paper_figure_multi_seed\final_six_figures_v5_c5_revised_20260804_r2\fig1\metrics\panel_e_statistics.csv
fig1,e,error_composition,,25.474858511520587,22.5154462541136,28.434270768927576,percent,20,,,,,,descriptive_only,results\paper_figure_multi_seed\final_six_figures_v5_c5_revised_20260804_r2\fig1\metrics\panel_e_statistics.csv
fig1,e,error_composition,,65.03377389625707,61.41666101554438,68.65088677696977,percent,20,,,,,,descriptive_only,results\paper_figure_multi_seed\final_six_figures_v5_c5_revised_20260804_r2\fig1\metrics\panel_e_statistics.csv
fig2,a,schematic,,,,,not_applicable,,,,,,,not_applicable,results\paper_figure_multi_seed\final_six_figures_v5_c5_revised_20260804_r2\fig2\metrics\panel_a_statistics.csv
fig2,b,loss,,25.254223490030785,23.048129315444825,27.460317664616746,percent,20,,,,,,descriptive_only,results\paper_figure_multi_seed\final_six_figures_v5_c5_revised_20260804_r2\fig2\metrics\panel_b_statistics.csv
fig2,b,loss,,30.32546067321175,29.03956514922009,31.611356197203413,percent,20,,,,,,descriptive_only,results\paper_figure_multi_seed\final_six_figures_v5_c5_revised_20260804_r2\fig2\metrics\panel_b_statistics.csv
fig2,b,rescue,,47.53769841269842,41.071621498704964,54.00377532669187,percent,20,,,,,,descriptive_only,results\paper_figure_multi_seed\final_six_figures_v5_c5_revised_20260804_r2\fig2\metrics\panel_b_statistics.csv
fig2,b,rescue,,33.45965608465609,30.483056389145485,36.43625578016669,percent,20,,,,,,descriptive_only,results\paper_figure_multi_seed\final_six_figures_v5_c5_revised_20260804_r2\fig2\metrics\panel_b_statistics.csv
fig2,b,rescue,aligned_minus_mismatched,14.07804232804233,7.383101007580877,20.772983648503782,percentage_points,20,one_sample_t,two-sided,0.0003068903972103662,0.0003068903972103662,BH,predeclared_recomputed,results\paper_figure_multi_seed\final_six_figures_v5_c5_revised_20260804_r2\fig2\metrics\panel_b_statistics.csv
fig2,b,loss,aligned_minus_mismatched,-5.071237183180964,-7.2155846711321825,-2.9268896952297445,percentage_points,20,one_sample_t,two-sided,8.892746662964192e-05,0.00017785493325928384,BH,predeclared_recomputed,results\paper_figure_multi_seed\final_six_figures_v5_c5_revised_20260804_r2\fig2\metrics\panel_b_statistics.csv
fig2,c,processing_residual_gamma_norm_ratio,estimate_minus_predeclared_threshold,0.3891841107773328,0.38840393649710636,0.3899642850575592,dimensionless,20,one_sample_t,two-sided,1.5260783304934257e-45,1.5260783304934257e-45,BH,predeclared_recomputed,results\paper_figure_multi_seed\final_six_figures_v5_c5_revised_20260804_r2\fig2\metrics\panel_c_statistics.csv
fig2,c,same_B_common_update_cosine,estimate_minus_predeclared_threshold,0.9115299800300685,0.91124561276109,0.911814347299047,dimensionless,20,one_sample_t,two-sided,1.8212804301348453e-55,3.6425608602696905e-55,BH,predeclared_recomputed,results\paper_figure_multi_seed\final_six_figures_v5_c5_revised_20260804_r2\fig2\metrics\panel_c_statistics.csv
fig2,d,residual_magnitude,,0.04367474670749797,0.04360967294570816,0.04373982046928778,mean_absolute_residual,20,,,,,,descriptive_only,results\paper_figure_multi_seed\final_six_figures_v5_c5_revised_20260804_r2\fig2\metrics\panel_d_statistics.csv
fig2,d,residual_magnitude,,0.005943336684981671,0.005923727239715148,0.0059629461302481935,mean_absolute_residual,20,,,,,,descriptive_only,results\paper_figure_multi_seed\final_six_figures_v5_c5_revised_20260804_r2\fig2\metrics\panel_d_statistics.csv
fig2,d,residual_magnitude,changed_events_minus_matched_random,0.03773141002251631,0.037680007309582854,0.03778281273544976,mean_absolute_residual,20,one_sample_t,two-sided,7.271868323367692e-50,7.271868323367692e-50,BH,predeclared_recomputed,results\paper_figure_multi_seed\final_six_figures_v5_c5_revised_20260804_r2\fig2\metrics\panel_d_statistics.csv
fig3,a,dynamic_minus_overlap_reset,dynamic_minus_overlap_reset,5.6,4.762790378236694,6.437209621763305,percentage_points,20,one_sample_t,two-sided,1.8405690088399103e-11,2.7608535132598655e-11,BH,predeclared_recomputed,results\paper_figure_multi_seed\final_six_figures_v5_c5_revised_20260804_r2\fig3\metrics\panel_a_statistics.csv
fig3,a,nonoverlap_reset_minus_overlap_reset,nonoverlap_reset_minus_overlap_reset,5.6,4.762790378236694,6.437209621763305,percentage_points,20,one_sample_t,two-sided,1.8405690088399103e-11,2.7608535132598655e-11,BH,predeclared_recomputed,results\paper_figure_multi_seed\final_six_figures_v5_c5_revised_20260804_r2\fig3\metrics\panel_a_statistics.csv
fig3,a,random_reset_minus_overlap_reset,random_reset_minus_overlap_reset,1.34,0.6375023266018464,2.0424976733981537,percentage_points,20,one_sample_t,two-sided,0.0007796086154662705,0.0007796086154662705,BH,predeclared_recomputed,results\paper_figure_multi_seed\final_six_figures_v5_c5_revised_20260804_r2\fig3\metrics\panel_a_statistics.csv
fig3,b,preprobe_mean_support,,0.2094760732017039,0.20931753145429902,0.20963461494910876,support_index,20,,,,,,descriptive_only,results\paper_figure_multi_seed\final_six_figures_v5_c5_revised_20260804_r2\fig3\metrics\panel_b_statistics.csv
fig3,b,preprobe_mean_support,,0.3148687962768244,0.3148678357450141,0.3148697568086347,support_index,20,,,,,,descriptive_only,results\paper_figure_multi_seed\final_six_figures_v5_c5_revised_20260804_r2\fig3\metrics\panel_b_statistics.csv
fig3,b,preprobe_mean_support,,0.20000000298023218,0.20000000298023218,0.20000000298023218,support_index,20,,,,,,descriptive_only,results\paper_figure_multi_seed\final_six_figures_v5_c5_revised_20260804_r2\fig3\metrics\panel_b_statistics.csv
fig3,b,preprobe_mean_support,,0.30954141816473274,0.30904525668418775,0.3100375796452777,support_index,20,,,,,,descriptive_only,results\paper_figure_multi_seed\final_six_figures_v5_c5_revised_20260804_r2\fig3\metrics\panel_b_statistics.csv
fig3,b,preprobe_mean_support,overlap_dominant_minus_probe_only_dominant,0.11486879329659216,0.11486783276478184,0.11486975382840249,support_index,20,one_sample_t,two-sided,6.826289444519177e-92,2.047886833355753e-91,BH,predeclared_recomputed,results\paper_figure_multi_seed\final_six_figures_v5_c5_revised_20260804_r2\fig3\metrics\panel_b_statistics.csv
fig3,b,preprobe_mean_support,overlap_dominant_minus_balanced,0.10539272307512049,0.10523429520005151,0.10555115095018947,support_index,20,one_sample_t,two-sided,4.7169413533082865e-49,7.07541202996243e-49,BH,predeclared_recomputed,results\paper_figure_multi_seed\final_six_figures_v5_c5_revised_20260804_r2\fig3\metrics\panel_b_statistics.csv
fig3,b,preprobe_mean_support,overlap_dominant_minus_random_matched,0.005327378112091674,0.004830995767502059,0.00582376045668129,support_index,20,one_sample_t,two-sided,3.817730163933943e-15,3.817730163933943e-15,BH,predeclared_recomputed,results\paper_figure_multi_seed\final_six_figures_v5_c5_revised_20260804_r2\fig3\metrics\panel_b_statistics.csv
fig3,c,P_advance,,25.730486760873482,25.536973326153714,25.92400019559325,percent,20,,,,,,descriptive_only,results\paper_figure_multi_seed\final_six_figures_v5_c5_revised_20260804_r2\fig3\metrics\panel_c_statistics.csv
fig3,c,P_advance,,17.509156776609313,17.308253906296095,17.71005964692253,percent,20,,,,,,descriptive_only,results\paper_figure_multi_seed\final_six_figures_v5_c5_revised_20260804_r2\fig3\metrics\panel_c_statistics.csv
fig3,c,P_advance,,14.705288320481808,14.400746558188985,15.00983008277463,percent,20,,,,,,descriptive_only,results\paper_figure_multi_seed\final_six_figures_v5_c5_revised_20260804_r2\fig3\metrics\panel_c_statistics.csv
fig3,c,P_loss,,6.442170491753013,6.342298233948416,6.542042749557611,percent,20,,,,,,descriptive_only,results\paper_figure_multi_seed\final_six_figures_v5_c5_revised_20260804_r2\fig3\metrics\panel_c_statistics.csv
fig3,c,P_loss,,7.53443803899778,7.427977571833483,7.640898506162077,percent,20,,,,,,descriptive_only,results\paper_figure_multi_seed\final_six_figures_v5_c5_revised_20260804_r2\fig3\metrics\panel_c_statistics.csv
fig3,c,P_loss,,2.6604915096110986,2.612377911039377,2.70860510818282,percent,20,,,,,,descriptive_only,results\paper_figure_multi_seed\final_six_figures_v5_c5_revised_20260804_r2\fig3\metrics\panel_c_statistics.csv
fig3,c,P_recruit,,21.174625259850163,21.018501636663345,21.330748883036982,percent,20,,,,,,descriptive_only,results\paper_figure_multi_seed\final_six_figures_v5_c5_revised_20260804_r2\fig3\metrics\panel_c_statistics.csv
fig3,c,P_recruit,,16.299318534610023,16.104109251275933,16.494527817944114,percent,20,,,,,,descriptive_only,results\paper_figure_multi_seed\final_six_figures_v5_c5_revised_20260804_r2\fig3\metrics\panel_c_statistics.csv
fig3,c,P_recruit,,9.883760264583373,9.732029938595664,10.035490590571081,percent,20,,,,,,descriptive_only,results\paper_figure_multi_seed\final_six_figures_v5_c5_revised_20260804_r2\fig3\metrics\panel_c_statistics.csv
fig3,d,dynamic_minus_attenuation,dynamic_minus_attenuation,7.448716603340882,7.364735928966082,7.532697277715682,percentage_points,20,one_sample_t,two-sided,1.9860722331978187e-32,1.9860722331978187e-32,BH,predeclared_recomputed,results\paper_figure_multi_seed\final_six_figures_v5_c5_revised_20260804_r2\fig3\metrics\panel_d_statistics.csv
fig3,d,dynamic_minus_reset,dynamic_minus_reset,37.27277253711099,37.01442471228116,37.531120361940815,percentage_points,20,one_sample_t,two-sided,1.9272185228843424e-36,3.854437045768685e-36,BH,predeclared_recomputed,results\paper_figure_multi_seed\final_six_figures_v5_c5_revised_20260804_r2\fig3\metrics\panel_d_statistics.csv
fig3,e,l2_update_probability,,25.514164466350366,25.378855537435278,25.649473395265453,percent,20,,,,,,descriptive_only,results\paper_figure_multi_seed\final_six_figures_v5_c5_revised_20260804_r2\fig3\metrics\panel_e_statistics.csv
fig3,e,l2_update_probability,,9.146457261878364,9.120064409529636,9.172850114227092,percent,20,,,,,,descriptive_only,results\paper_figure_multi_seed\final_six_figures_v5_c5_revised_20260804_r2\fig3\metrics\panel_e_statistics.csv
fig3,e,l2_update_probability,,13.37899939922489,13.270782390285191,13.487216408164588,percent,20,,,,,,descriptive_only,results\paper_figure_multi_seed\final_six_figures_v5_c5_revised_20260804_r2\fig3\metrics\panel_e_statistics.csv
fig3,e,l2_update_probability,,5.530058761903602,5.510250364691151,5.549867159116053,percent,20,,,,,,descriptive_only,results\paper_figure_multi_seed\final_six_figures_v5_c5_revised_20260804_r2\fig3\metrics\panel_e_statistics.csv
fig3,e,dynamic_minus_static_difference_in_differences,dynamic_minus_static_difference_in_differences,8.518766567150713,8.461087296743605,8.576445837557822,percentage_points,20,one_sample_t,two-sided,1.2351994457181895e-36,1.2351994457181895e-36,none,predeclared_recomputed,results\paper_figure_multi_seed\final_six_figures_v5_c5_revised_20260804_r2\fig3\metrics\panel_e_statistics.csv
fig3,f,layer1_only_layer2_update_donor_transfer,layer1_only_layer2_successor_transfer_vs_zero,0.8086319986924897,0.8074579783653026,0.8098060190196767,donor_transfer_index,20,one_sample_t,two-sided,2.436877956652077e-49,2.436877956652077e-49,BH,predeclared_recomputed,results\paper_figure_multi_seed\final_six_figures_v5_c5_revised_20260804_r2\fig3\metrics\panel_f_statistics.csv
fig4,a,schematic,,,,,not_applicable,,,,,,,not_applicable,results\paper_figure_multi_seed\final_six_figures_v5_c5_revised_20260804_r2\fig4\metrics\panel_a_statistics.csv
fig4,b,early_layer2_event_map_donor_transfer,early_layer2_event_map_donor_transfer_K1_vs_zero,0.3374451541181952,0.3363060796281568,0.3386622515165334,donor_transfer_index,20,one_sided_exact_sign_flip,greater,9.5367431640625e-07,3.814697265625e-06,Holm,supplied_confirmatory_bootstrap,results\paper_figure_multi_seed\final_six_figures_v5_c5_revised_20260804_r2\fig4\metrics\panel_b_statistics.csv
fig4,b,early_layer2_event_map_donor_transfer,early_layer2_event_map_donor_transfer_K5_vs_zero,0.3438681035243057,0.342298808949636,0.3453494010523756,donor_transfer_index,20,one_sided_exact_sign_flip,greater,9.5367431640625e-07,3.814697265625e-06,Holm,supplied_confirmatory_bootstrap,results\paper_figure_multi_seed\final_six_figures_v5_c5_revised_20260804_r2\fig4\metrics\panel_b_statistics.csv
fig4,c,layer3_successor_ux_donor_transfer,layer3_successor_ux_donor_transfer_K1_vs_zero,0.2825582633345019,0.2810645553478376,0.2840970906066549,donor_transfer_index,20,one_sided_exact_sign_flip,greater,9.5367431640625e-07,3.814697265625e-06,Holm,supplied_confirmatory_bootstrap,results\paper_figure_multi_seed\final_six_figures_v5_c5_revised_20260804_r2\fig4\metrics\panel_c_statistics.csv
fig4,c,layer3_successor_ux_donor_transfer,layer3_successor_ux_donor_transfer_K5_vs_zero,0.2908083000551561,0.2895604961377262,0.2921283658835018,donor_transfer_index,20,one_sided_exact_sign_flip,greater,9.5367431640625e-07,3.814697265625e-06,Holm,supplied_confirmatory_bootstrap,results\paper_figure_multi_seed\final_six_figures_v5_c5_revised_20260804_r2\fig4\metrics\panel_c_statistics.csv
fig4,d,joint_passive_displacement,,4.75082409172739e-06,4.574680860919117e-06,4.934441945515357e-06,cosine_distance,20,,,,,,supplied_descriptive_bootstrap,results\paper_figure_multi_seed\final_six_figures_v5_c5_revised_20260804_r2\fig4\metrics\panel_d_statistics.csv
fig4,d,joint_passive_displacement,,8.49498972527174e-09,8.337091634481874e-09,8.639724063626287e-09,cosine_distance,20,,,,,,supplied_descriptive_bootstrap,results\paper_figure_multi_seed\final_six_figures_v5_c5_revised_20260804_r2\fig4\metrics\panel_d_statistics.csv
fig4,d,joint_passive_displacement,,3.1680544062273615e-08,3.020894869154578e-08,3.3183681546374025e-08,cosine_distance,20,,,,,,supplied_descriptive_bootstrap,results\paper_figure_multi_seed\final_six_figures_v5_c5_revised_20260804_r2\fig4\metrics\panel_d_statistics.csv
fig4,d,joint_passive_displacement,,1.65079824910902e-06,1.558940064353344e-06,1.7502280504706482e-06,cosine_distance,20,,,,,,supplied_descriptive_bootstrap,results\paper_figure_multi_seed\final_six_figures_v5_c5_revised_20260804_r2\fig4\metrics\panel_d_statistics.csv
fig4,d,joint_passive_displacement,,2.589826349998214e-06,2.484045219419382e-06,2.6978305600654017e-06,cosine_distance,20,,,,,,supplied_descriptive_bootstrap,results\paper_figure_multi_seed\final_six_figures_v5_c5_revised_20260804_r2\fig4\metrics\panel_d_statistics.csv
fig4,d,joint_passive_displacement,,3.3720228785982804e-06,3.2829648645661684e-06,3.4606177041169374e-06,cosine_distance,20,,,,,,supplied_descriptive_bootstrap,results\paper_figure_multi_seed\final_six_figures_v5_c5_revised_20260804_r2\fig4\metrics\panel_d_statistics.csv
fig4,d,joint_passive_displacement,,3.873447146423847e-06,3.744156207875479e-06,4.002542954320593e-06,cosine_distance,20,,,,,,supplied_descriptive_bootstrap,results\paper_figure_multi_seed\final_six_figures_v5_c5_revised_20260804_r2\fig4\metrics\panel_d_statistics.csv
fig4,d,joint_passive_displacement,,4.246998987438023e-06,4.076390349263804e-06,4.410298577149779e-06,cosine_distance,20,,,,,,supplied_descriptive_bootstrap,results\paper_figure_multi_seed\final_six_figures_v5_c5_revised_20260804_r2\fig4\metrics\panel_d_statistics.csv
fig4,d,joint_passive_displacement,,4.569544008376503e-06,4.439523308615849e-06,4.703808890194297e-06,cosine_distance,20,,,,,,supplied_descriptive_bootstrap,results\paper_figure_multi_seed\final_six_figures_v5_c5_revised_20260804_r2\fig4\metrics\panel_d_statistics.csv
fig4,d,joint_state_displacement,,0.5146531847348589,0.5068544992133406,0.5232675603528119,cosine_distance,20,,,,,,supplied_descriptive_bootstrap,results\paper_figure_multi_seed\final_six_figures_v5_c5_revised_20260804_r2\fig4\metrics\panel_d_statistics.csv
fig4,d,joint_state_displacement,,0.5894079182216676,0.5799050647783909,0.5990389920934414,cosine_distance,20,,,,,,supplied_descriptive_bootstrap,results\paper_figure_multi_seed\final_six_figures_v5_c5_revised_20260804_r2\fig4\metrics\panel_d_statistics.csv
fig4,d,joint_state_displacement,,0.5565343195330574,0.5443449850340035,0.5688483806467578,cosine_distance,20,,,,,,supplied_descriptive_bootstrap,results\paper_figure_multi_seed\final_six_figures_v5_c5_revised_20260804_r2\fig4\metrics\panel_d_statistics.csv
fig4,d,joint_state_displacement,,0.5394330854013858,0.5314978151951701,0.547388579595087,cosine_distance,20,,,,,,supplied_descriptive_bootstrap,results\paper_figure_multi_seed\final_six_figures_v5_c5_revised_20260804_r2\fig4\metrics\panel_d_statistics.csv
fig4,d,joint_state_displacement,,0.5290341207295095,0.5220323534199137,0.5365505028818177,cosine_distance,20,,,,,,supplied_descriptive_bootstrap,results\paper_figure_multi_seed\final_six_figures_v5_c5_revised_20260804_r2\fig4\metrics\panel_d_statistics.csv
fig4,d,joint_state_displacement,,0.517676766102497,0.5073793818180198,0.5278474950047566,cosine_distance,20,,,,,,supplied_descriptive_bootstrap,results\paper_figure_multi_seed\final_six_figures_v5_c5_revised_20260804_r2\fig4\metrics\panel_d_statistics.csv
fig4,d,joint_state_displacement,,0.5125419539989648,0.5021912488511479,0.5227446232958624,cosine_distance,20,,,,,,supplied_descriptive_bootstrap,results\paper_figure_multi_seed\final_six_figures_v5_c5_revised_20260804_r2\fig4\metrics\panel_d_statistics.csv
fig4,d,joint_state_displacement,,0.5168813929224687,0.5078430121145603,0.5259750274336823,cosine_distance,20,,,,,,supplied_descriptive_bootstrap,results\paper_figure_multi_seed\final_six_figures_v5_c5_revised_20260804_r2\fig4\metrics\panel_d_statistics.csv
fig4,d,joint_state_displacement,,0.5124530509148034,0.5019548156615243,0.5218928637023215,cosine_distance,20,,,,,,supplied_descriptive_bootstrap,results\paper_figure_multi_seed\final_six_figures_v5_c5_revised_20260804_r2\fig4\metrics\panel_d_statistics.csv
fig4,e,loss_relation_balanced_rate,,27.78984208162126,26.49873412971515,29.146163376552124,percent,20,,,,,,supplied_descriptive_bootstrap,results\paper_figure_multi_seed\final_six_figures_v5_c5_revised_20260804_r2\fig4\metrics\panel_e_statistics.csv
fig4,e,loss_relation_balanced_rate,,61.524243187179806,60.16895134566524,62.80560241287105,percent,20,,,,,,supplied_descriptive_bootstrap,results\paper_figure_multi_seed\final_six_figures_v5_c5_revised_20260804_r2\fig4\metrics\panel_e_statistics.csv
fig4,e,rescue_relation_balanced_rate,,40.49867724867725,36.93862985008819,43.78694885361551,percent,20,,,,,,supplied_descriptive_bootstrap,results\paper_figure_multi_seed\final_six_figures_v5_c5_revised_20260804_r2\fig4\metrics\panel_e_statistics.csv
fig4,e,rescue_relation_balanced_rate,,17.429232804232804,14.98703290343915,19.730014054232804,percent,20,,,,,,supplied_descriptive_bootstrap,results\paper_figure_multi_seed\final_six_figures_v5_c5_revised_20260804_r2\fig4\metrics\panel_e_statistics.csv
fig5,a,constituent_similarity,,0.9911789236146754,0.9911374575052992,0.9912203897240516,similarity_index,20,,,,,,descriptive_only,results\paper_figure_multi_seed\final_six_figures_v5_c5_revised_20260804_r2\fig5\metrics\panel_a_statistics.csv
fig5,a,constituent_similarity,,0.9950095590351522,0.9949837423528308,0.9950353757174736,similarity_index,20,,,,,,descriptive_only,results\paper_figure_multi_seed\final_six_figures_v5_c5_revised_20260804_r2\fig5\metrics\panel_a_statistics.csv
fig5,a,min_component_similarity,,0.9911749708153963,0.9911341773018797,0.9912157643289129,similarity_index,20,,,,,,descriptive_only,results\paper_figure_multi_seed\final_six_figures_v5_c5_revised_20260804_r2\fig5\metrics\panel_a_statistics.csv
fig5,b,pair_similarity,,0.9957657115069688,0.9957519619000371,0.9957794611139005,similarity_index,20,,,,,,descriptive_only,results\paper_figure_multi_seed\final_six_figures_v5_c5_revised_20260804_r2\fig5\metrics\panel_b_statistics.csv
fig5,b,pair_similarity,,0.9891037590107006,0.9890601178636885,0.9891474001577126,similarity_index,20,,,,,,descriptive_only,results\paper_figure_multi_seed\final_six_figures_v5_c5_revised_20260804_r2\fig5\metrics\panel_b_statistics.csv
fig5,b,true_minus_shuffled,true_minus_shuffled,0.006661952496268013,0.006625523969950529,0.0066983810225854975,similarity_index,20,one_sample_t,two-sided,2.1318288692787905e-38,2.1318288692787905e-38,BH,predeclared_recomputed,results\paper_figure_multi_seed\final_six_figures_v5_c5_revised_20260804_r2\fig5\metrics\panel_b_statistics.csv
fig5,c,N_eff,,2.9942504686266194,2.9934678085598154,2.9950331286934233,effective_items,20,,,,,,descriptive_only,results\paper_figure_multi_seed\final_six_figures_v5_c5_revised_20260804_r2\fig5\metrics\panel_c_statistics.csv
fig5,c,N_eff,,4.956884303837472,4.951913496357346,4.961855111317599,effective_items,20,,,,,,descriptive_only,results\paper_figure_multi_seed\final_six_figures_v5_c5_revised_20260804_r2\fig5\metrics\panel_c_statistics.csv
fig5,c,N_eff,,6.742980908518078,6.722606115971136,6.76335570106502,effective_items,20,,,,,,descriptive_only,results\paper_figure_multi_seed\final_six_figures_v5_c5_revised_20260804_r2\fig5\metrics\panel_c_statistics.csv
fig5,c,N_eff,,8.04753138248476,7.912758198970439,8.182304565999079,effective_items,20,,,,,,descriptive_only,results\paper_figure_multi_seed\final_six_figures_v5_c5_revised_20260804_r2\fig5\metrics\panel_c_statistics.csv
fig5,d,latest_item_weight,,0.3310751766230754,0.33012000923683166,0.33203034400931913,proportion,20,,,,,,descriptive_only,results\paper_figure_multi_seed\final_six_figures_v5_c5_revised_20260804_r2\fig5\metrics\panel_d_statistics.csv
fig5,d,latest_item_weight,,0.1952602917734813,0.19379058021214002,0.1967300033348226,proportion,20,,,,,,descriptive_only,results\paper_figure_multi_seed\final_six_figures_v5_c5_revised_20260804_r2\fig5\metrics\panel_d_statistics.csv
fig5,d,latest_item_weight,,0.13289974143528663,0.13178537139302307,0.13401411147755019,proportion,20,,,,,,descriptive_only,results\paper_figure_multi_seed\final_six_figures_v5_c5_revised_20260804_r2\fig5\metrics\panel_d_statistics.csv
fig5,d,latest_item_weight,,0.07258497365684533,0.07136608832321963,0.07380385899047102,proportion,20,,,,,,descriptive_only,results\paper_figure_multi_seed\final_six_figures_v5_c5_revised_20260804_r2\fig5\metrics\panel_d_statistics.csv
fig5,e,layer1_g_effective_area,,0.48629237779159995,0.4799238096247553,0.4926609459584446,fraction_of_map_area,20,,,,,,descriptive_only,results\paper_figure_multi_seed\final_six_figures_v5_c5_revised_20260804_r2\fig5\metrics\panel_e_statistics.csv
fig5,e,layer1_g_effective_area,,0.48044446298754995,0.4741207320184137,0.4867681939566862,fraction_of_map_area,20,,,,,,descriptive_only,results\paper_figure_multi_seed\final_six_figures_v5_c5_revised_20260804_r2\fig5\metrics\panel_e_statistics.csv
fig5,e,layer1_g_effective_area,,0.46877349566795007,0.46245013100299687,0.47509686033290327,fraction_of_map_area,20,,,,,,descriptive_only,results\paper_figure_multi_seed\final_six_figures_v5_c5_revised_20260804_r2\fig5\metrics\panel_e_statistics.csv
fig5,e,layer1_g_effective_area,,0.44409965088065,0.43740137061825346,0.45079793114304656,fraction_of_map_area,20,,,,,,descriptive_only,results\paper_figure_multi_seed\final_six_figures_v5_c5_revised_20260804_r2\fig5\metrics\panel_e_statistics.csv
fig5,e,layer1_g_effective_area,,0.5318957523143999,0.5260694487339211,0.5377220558948786,fraction_of_map_area,20,,,,,,descriptive_only,results\paper_figure_multi_seed\final_six_figures_v5_c5_revised_20260804_r2\fig5\metrics\panel_e_statistics.csv
fig5,e,layer1_g_effective_area,,0.5196397484513,0.5138900529649713,0.5253894439376288,fraction_of_map_area,20,,,,,,descriptive_only,results\paper_figure_multi_seed\final_six_figures_v5_c5_revised_20260804_r2\fig5\metrics\panel_e_statistics.csv
fig5,e,layer1_g_effective_area,,0.4970371744706001,0.4912804167514765,0.5027939321897237,fraction_of_map_area,20,,,,,,descriptive_only,results\paper_figure_multi_seed\final_six_figures_v5_c5_revised_20260804_r2\fig5\metrics\panel_e_statistics.csv
fig5,e,layer1_g_effective_area,,0.45600377887375004,0.45001806583414733,0.46198949191335276,fraction_of_map_area,20,,,,,,descriptive_only,results\paper_figure_multi_seed\final_six_figures_v5_c5_revised_20260804_r2\fig5\metrics\panel_e_statistics.csv
fig5,e,layer1_g_effective_area,,0.5572875789002001,0.5516527739514404,0.5629223838489598,fraction_of_map_area,20,,,,,,descriptive_only,results\paper_figure_multi_seed\final_six_figures_v5_c5_revised_20260804_r2\fig5\metrics\panel_e_statistics.csv
fig5,e,layer1_g_effective_area,,0.5388820876293,0.5328252577572798,0.5449389175013202,fraction_of_map_area,20,,,,,,descriptive_only,results\paper_figure_multi_seed\final_six_figures_v5_c5_revised_20260804_r2\fig5\metrics\panel_e_statistics.csv
fig5,e,layer1_g_effective_area,,0.50749883066205,0.5005559149097537,0.5144417464143464,fraction_of_map_area,20,,,,,,descriptive_only,results\paper_figure_multi_seed\final_six_figures_v5_c5_revised_20260804_r2\fig5\metrics\panel_e_statistics.csv
fig5,e,layer1_g_effective_area,,0.45806924143935,0.4495299566406673,0.46660852623803273,fraction_of_map_area,20,,,,,,descriptive_only,results\paper_figure_multi_seed\final_six_figures_v5_c5_revised_20260804_r2\fig5\metrics\panel_e_statistics.csv
fig5,e,layer1_g_effective_area,,0.5656104053390001,0.5602414594234125,0.5709793512545877,fraction_of_map_area,20,,,,,,descriptive_only,results\paper_figure_multi_seed\final_six_figures_v5_c5_revised_20260804_r2\fig5\metrics\panel_e_statistics.csv
fig5,e,layer1_g_effective_area,,0.54107095004605,0.5354547943637537,0.5466871057283463,fraction_of_map_area,20,,,,,,descriptive_only,results\paper_figure_multi_seed\final_six_figures_v5_c5_revised_20260804_r2\fig5\metrics\panel_e_statistics.csv
fig5,e,layer1_g_effective_area,,0.5035723598677,0.49763942698434727,0.5095052927510527,fraction_of_map_area,20,,,,,,descriptive_only,results\paper_figure_multi_seed\final_six_figures_v5_c5_revised_20260804_r2\fig5\metrics\panel_e_statistics.csv
fig5,e,layer1_g_effective_area,,0.451674296444,0.4453194882902479,0.45802910459775203,fraction_of_map_area,20,,,,,,descriptive_only,results\paper_figure_multi_seed\final_six_figures_v5_c5_revised_20260804_r2\fig5\metrics\panel_e_statistics.csv
fig5,f,matched_minus_deranged_cosine,,0.2705973571611,0.2607959474364353,0.2803987668857647,cosine_difference,20,,,,,,descriptive_only,results\paper_figure_multi_seed\final_six_figures_v5_c5_revised_20260804_r2\fig5\metrics\panel_f_statistics.csv
fig5,f,matched_minus_deranged_cosine,,0.2924114680954,0.2823074083252136,0.30251552786558633,cosine_difference,20,,,,,,descriptive_only,results\paper_figure_multi_seed\final_six_figures_v5_c5_revised_20260804_r2\fig5\metrics\panel_f_statistics.csv
fig5,f,matched_minus_deranged_cosine,,0.32624478592105,0.3153589826299201,0.33713058921217987,cosine_difference,20,,,,,,descriptive_only,results\paper_figure_multi_seed\final_six_figures_v5_c5_revised_20260804_r2\fig5\metrics\panel_f_statistics.csv
fig5,f,matched_minus_deranged_cosine,,0.3871705930301,0.3748909197324681,0.3994502663277319,cosine_difference,20,,,,,,descriptive_only,results\paper_figure_multi_seed\final_six_figures_v5_c5_revised_20260804_r2\fig5\metrics\panel_f_statistics.csv
fig5,f,matched_minus_deranged_cosine,,0.1901614420207,0.1852522061628556,0.19507067787854443,cosine_difference,20,,,,,,descriptive_only,results\paper_figure_multi_seed\final_six_figures_v5_c5_revised_20260804_r2\fig5\metrics\panel_f_statistics.csv
fig5,f,matched_minus_deranged_cosine,,0.22471304416965002,0.21919800411690168,0.23022808422239835,cosine_difference,20,,,,,,descriptive_only,results\paper_figure_multi_seed\final_six_figures_v5_c5_revised_20260804_r2\fig5\metrics\panel_f_statistics.csv
fig5,f,matched_minus_deranged_cosine,,0.28311114806645,0.2760966956510773,0.2901256004818227,cosine_difference,20,,,,,,descriptive_only,results\paper_figure_multi_seed\final_six_figures_v5_c5_revised_20260804_r2\fig5\metrics\panel_f_statistics.csv
fig5,f,matched_minus_deranged_cosine,,0.37617231750999996,0.36670086684046754,0.3856437681795324,cosine_difference,20,,,,,,descriptive_only,results\paper_figure_multi_seed\final_six_figures_v5_c5_revised_20260804_r2\fig5\metrics\panel_f_statistics.csv
fig5,f,matched_minus_deranged_cosine,,0.15602519026955,0.15233407891447143,0.15971630162462858,cosine_difference,20,,,,,,descriptive_only,results\paper_figure_multi_seed\final_six_figures_v5_c5_revised_20260804_r2\fig5\metrics\panel_f_statistics.csv
fig5,f,matched_minus_deranged_cosine,,0.19760620045914998,0.19325674283473165,0.2019556580835683,cosine_difference,20,,,,,,descriptive_only,results\paper_figure_multi_seed\final_six_figures_v5_c5_revised_20260804_r2\fig5\metrics\panel_f_statistics.csv
fig5,f,matched_minus_deranged_cosine,,0.26695555469175,0.2613289972407233,0.27258211214277667,cosine_difference,20,,,,,,descriptive_only,results\paper_figure_multi_seed\final_six_figures_v5_c5_revised_20260804_r2\fig5\metrics\panel_f_statistics.csv
fig5,f,matched_minus_deranged_cosine,,0.36797625120739996,0.3605624205753295,0.3753900818394704,cosine_difference,20,,,,,,descriptive_only,results\paper_figure_multi_seed\final_six_figures_v5_c5_revised_20260804_r2\fig5\metrics\panel_f_statistics.csv
fig5,f,matched_minus_deranged_cosine,,0.13392943420055,0.12968248015593,0.13817638824517,cosine_difference,20,,,,,,descriptive_only,results\paper_figure_multi_seed\final_six_figures_v5_c5_revised_20260804_r2\fig5\metrics\panel_f_statistics.csv
fig5,f,matched_minus_deranged_cosine,,0.180948152,0.1746624719686281,0.1872338320313719,cosine_difference,20,,,,,,descriptive_only,results\paper_figure_multi_seed\final_six_figures_v5_c5_revised_20260804_r2\fig5\metrics\panel_f_statistics.csv
fig5,f,matched_minus_deranged_cosine,,0.25602910179575,0.24657686612350624,0.2654813374679938,cosine_difference,20,,,,,,descriptive_only,results\paper_figure_multi_seed\final_six_figures_v5_c5_revised_20260804_r2\fig5\metrics\panel_f_statistics.csv
fig5,f,matched_minus_deranged_cosine,,0.35854063046510004,0.3453595212893483,0.37172173964085176,cosine_difference,20,,,,,,descriptive_only,results\paper_figure_multi_seed\final_six_figures_v5_c5_revised_20260804_r2\fig5\metrics\panel_f_statistics.csv
fig6,a,P_target,,13.5,13.5,13.5,percent,20,,,,,,descriptive_only,results\paper_figure_multi_seed\final_six_figures_v5_c5_revised_20260804_r2\fig6\metrics\panel_a_statistics.csv
fig6,a,P_target,,13.5,13.5,13.5,percent,20,,,,,,descriptive_only,results\paper_figure_multi_seed\final_six_figures_v5_c5_revised_20260804_r2\fig6\metrics\panel_a_statistics.csv
fig6,a,P_target,,13.5,13.5,13.5,percent,20,,,,,,descriptive_only,results\paper_figure_multi_seed\final_six_figures_v5_c5_revised_20260804_r2\fig6\metrics\panel_a_statistics.csv
fig6,a,P_target,,13.5,13.5,13.5,percent,20,,,,,,descriptive_only,results\paper_figure_multi_seed\final_six_figures_v5_c5_revised_20260804_r2\fig6\metrics\panel_a_statistics.csv
fig6,a,P_target,,13.5,13.5,13.5,percent,20,,,,,,descriptive_only,results\paper_figure_multi_seed\final_six_figures_v5_c5_revised_20260804_r2\fig6\metrics\panel_a_statistics.csv
fig6,a,P_target,,13.527500000000003,13.510996793654334,13.544003206345673,percent,20,,,,,,descriptive_only,results\paper_figure_multi_seed\final_six_figures_v5_c5_revised_20260804_r2\fig6\metrics\panel_a_statistics.csv
fig6,a,P_target,,23.125,21.710985302350856,24.539014697649144,percent,20,,,,,,descriptive_only,results\paper_figure_multi_seed\final_six_figures_v5_c5_revised_20260804_r2\fig6\metrics\panel_a_statistics.csv
fig6,a,P_target,,13.5,13.5,13.5,percent,20,,,,,,descriptive_only,results\paper_figure_multi_seed\final_six_figures_v5_c5_revised_20260804_r2\fig6\metrics\panel_a_statistics.csv
fig6,a,P_target,,13.5,13.5,13.5,percent,20,,,,,,descriptive_only,results\paper_figure_multi_seed\final_six_figures_v5_c5_revised_20260804_r2\fig6\metrics\panel_a_statistics.csv
fig6,a,P_target,,13.572500000000002,13.540990098997465,13.604009901002538,percent,20,,,,,,descriptive_only,results\paper_figure_multi_seed\final_six_figures_v5_c5_revised_20260804_r2\fig6\metrics\panel_a_statistics.csv
fig6,a,P_target,,15.067499999999999,14.89768665230027,15.237313347699729,percent,20,,,,,,descriptive_only,results\paper_figure_multi_seed\final_six_figures_v5_c5_revised_20260804_r2\fig6\metrics\panel_a_statistics.csv
fig6,a,P_target,,52.47124999999998,51.70238994458089,53.24011005541908,percent,20,,,,,,descriptive_only,results\paper_figure_multi_seed\final_six_figures_v5_c5_revised_20260804_r2\fig6\metrics\panel_a_statistics.csv
fig6,a,P_target,,82.07875,81.47785902502478,82.67964097497521,percent,20,,,,,,descriptive_only,results\paper_figure_multi_seed\final_six_figures_v5_c5_revised_20260804_r2\fig6\metrics\panel_a_statistics.csv
fig6,a,P_target,,91.375,90.67144055367595,92.07855944632405,percent,20,,,,,,descriptive_only,results\paper_figure_multi_seed\final_six_figures_v5_c5_revised_20260804_r2\fig6\metrics\panel_a_statistics.csv
fig6,a,P_target,,13.5,13.5,13.5,percent,20,,,,,,descriptive_only,results\paper_figure_multi_seed\final_six_figures_v5_c5_revised_20260804_r2\fig6\metrics\panel_a_statistics.csv
fig6,a,P_target,,13.51875,13.49981702015933,13.537682979840671,percent,20,,,,,,descriptive_only,results\paper_figure_multi_seed\final_six_figures_v5_c5_revised_20260804_r2\fig6\metrics\panel_a_statistics.csv
fig6,a,P_target,,14.989999999999998,14.831134314725523,15.148865685274474,percent,20,,,,,,descriptive_only,results\paper_figure_multi_seed\final_six_figures_v5_c5_revised_20260804_r2\fig6\metrics\panel_a_statistics.csv
fig6,a,P_target,,25.7125,25.280436324863185,26.144563675136812,percent,20,,,,,,descriptive_only,results\paper_figure_multi_seed\final_six_figures_v5_c5_revised_20260804_r2\fig6\metrics\panel_a_statistics.csv
fig6,a,P_target,,66.68875000000001,66.01290086583536,67.36459913416466,percent,20,,,,,,descriptive_only,results\paper_figure_multi_seed\final_six_figures_v5_c5_revised_20260804_r2\fig6\metrics\panel_a_statistics.csv
fig6,a,P_target,,83.61125,83.04674742785703,84.17575257214297,percent,20,,,,,,descriptive_only,results\paper_figure_multi_seed\final_six_figures_v5_c5_revised_20260804_r2\fig6\metrics\panel_a_statistics.csv
fig6,a,P_target,,87.425,86.43139352836954,88.41860647163045,percent,20,,,,,,descriptive_only,results\paper_figure_multi_seed\final_six_figures_v5_c5_revised_20260804_r2\fig6\metrics\panel_a_statistics.csv
fig6,a,P_target,,13.5,13.5,13.5,percent,20,,,,,,descriptive_only,results\paper_figure_multi_seed\final_six_figures_v5_c5_revised_20260804_r2\fig6\metrics\panel_a_statistics.csv
fig6,a,P_target,,13.501249999999999,13.498633719931988,13.50386628006801,percent,20,,,,,,descriptive_only,results\paper_figure_multi_seed\final_six_figures_v5_c5_revised_20260804_r2\fig6\metrics\panel_a_statistics.csv
fig6,a,P_target,,13.508750000000001,13.462838394382098,13.554661605617904,percent,20,,,,,,descriptive_only,results\paper_figure_multi_seed\final_six_figures_v5_c5_revised_20260804_r2\fig6\metrics\panel_a_statistics.csv
fig6,a,P_target,,13.9425,13.7763323365199,14.108667663480102,percent,20,,,,,,descriptive_only,results\paper_figure_multi_seed\final_six_figures_v5_c5_revised_20260804_r2\fig6\metrics\panel_a_statistics.csv
fig6,a,P_target,,22.4925,22.148872385164672,22.836127614835327,percent,20,,,,,,descriptive_only,results\paper_figure_multi_seed\final_six_figures_v5_c5_revised_20260804_r2\fig6\metrics\panel_a_statistics.csv
fig6,a,P_target,,43.63999999999999,42.99558621043343,44.28441378956656,percent,20,,,,,,descriptive_only,results\paper_figure_multi_seed\final_six_figures_v5_c5_revised_20260804_r2\fig6\metrics\panel_a_statistics.csv
fig6,a,P_target,,64.525,63.41832183226336,65.63167816773665,percent,20,,,,,,descriptive_only,results\paper_figure_multi_seed\final_six_figures_v5_c5_revised_20260804_r2\fig6\metrics\panel_a_statistics.csv
fig6,a,P_target,,10.0,10.0,10.0,percent,20,,,,,,descriptive_only,results\paper_figure_multi_seed\final_six_figures_v5_c5_revised_20260804_r2\fig6\metrics\panel_a_statistics.csv
fig6,a,P_target,,10.0,10.0,10.0,percent,20,,,,,,descriptive_only,results\paper_figure_multi_seed\final_six_figures_v5_c5_revised_20260804_r2\fig6\metrics\panel_a_statistics.csv
fig6,a,P_target,,10.0,10.0,10.0,percent,20,,,,,,descriptive_only,results\paper_figure_multi_seed\final_six_figures_v5_c5_revised_20260804_r2\fig6\metrics\panel_a_statistics.csv
fig6,a,P_target,,10.0,10.0,10.0,percent,20,,,,,,descriptive_only,results\paper_figure_multi_seed\final_six_figures_v5_c5_revised_20260804_r2\fig6\metrics\panel_a_statistics.csv
fig6,a,P_target,,10.0,10.0,10.0,percent,20,,,,,,descriptive_only,results\paper_figure_multi_seed\final_six_figures_v5_c5_revised_20260804_r2\fig6\metrics\panel_a_statistics.csv
fig6,a,P_target,,10.045,10.032070955734145,10.057929044265855,percent,20,,,,,,descriptive_only,results\paper_figure_multi_seed\final_six_figures_v5_c5_revised_20260804_r2\fig6\metrics\panel_a_statistics.csv
fig6,a,P_target,,19.85,18.762697832938642,20.93730216706136,percent,20,,,,,,descriptive_only,results\paper_figure_multi_seed\final_six_figures_v5_c5_revised_20260804_r2\fig6\metrics\panel_a_statistics.csv
fig6,a,P_target,,10.0,10.0,10.0,percent,20,,,,,,descriptive_only,results\paper_figure_multi_seed\final_six_figures_v5_c5_revised_20260804_r2\fig6\metrics\panel_a_statistics.csv
fig6,a,P_target,,10.0,10.0,10.0,percent,20,,,,,,descriptive_only,results\paper_figure_multi_seed\final_six_figures_v5_c5_revised_20260804_r2\fig6\metrics\panel_a_statistics.csv
fig6,a,P_target,,10.001249999999999,9.996639654869284,10.005860345130714,percent,20,,,,,,descriptive_only,results\paper_figure_multi_seed\final_six_figures_v5_c5_revised_20260804_r2\fig6\metrics\panel_a_statistics.csv
fig6,a,P_target,,10.051250000000001,10.02739944458161,10.075100555418393,percent,20,,,,,,descriptive_only,results\paper_figure_multi_seed\final_six_figures_v5_c5_revised_20260804_r2\fig6\metrics\panel_a_statistics.csv
fig6,a,P_target,,13.23875,13.040025986363753,13.437474013636246,percent,20,,,,,,descriptive_only,results\paper_figure_multi_seed\final_six_figures_v5_c5_revised_20260804_r2\fig6\metrics\panel_a_statistics.csv
fig6,a,P_target,,30.699999999999996,30.078853478748012,31.32114652125198,percent,20,,,,,,descriptive_only,results\paper_figure_multi_seed\final_six_figures_v5_c5_revised_20260804_r2\fig6\metrics\panel_a_statistics.csv
fig6,a,P_target,,61.15,59.72739988929757,62.572600110702425,percent,20,,,,,,descriptive_only,results\paper_figure_multi_seed\final_six_figures_v5_c5_revised_20260804_r2\fig6\metrics\panel_a_statistics.csv
fig6,a,P_target,,10.0,9.996203901894045,10.003796098105955,percent,20,,,,,,descriptive_only,results\paper_figure_multi_seed\final_six_figures_v5_c5_revised_20260804_r2\fig6\metrics\panel_a_statistics.csv
fig6,a,P_target,,10.11625,10.092764758660604,10.139735241339398,percent,20,,,,,,descriptive_only,results\paper_figure_multi_seed\final_six_figures_v5_c5_revised_20260804_r2\fig6\metrics\panel_a_statistics.csv
fig6,a,P_target,,15.077499999999997,14.865091434441151,15.289908565558843,percent,20,,,,,,descriptive_only,results\paper_figure_multi_seed\final_six_figures_v5_c5_revised_20260804_r2\fig6\metrics\panel_a_statistics.csv
fig6,a,P_target,,38.105,37.61530922979054,38.59469077020945,percent,20,,,,,,descriptive_only,results\paper_figure_multi_seed\final_six_figures_v5_c5_revised_20260804_r2\fig6\metrics\panel_a_statistics.csv
fig6,a,P_target,,76.99875,76.2209251906697,77.7765748093303,percent,20,,,,,,descriptive_only,results\paper_figure_multi_seed\final_six_figures_v5_c5_revised_20260804_r2\fig6\metrics\panel_a_statistics.csv
fig6,a,P_target,,86.49875,85.86464848383629,87.13285151616371,percent,20,,,,,,descriptive_only,results\paper_figure_multi_seed\final_six_figures_v5_c5_revised_20260804_r2\fig6\metrics\panel_a_statistics.csv
fig6,a,P_target,,82.9,81.56411861110654,84.23588138889347,percent,20,,,,,,descriptive_only,results\paper_figure_multi_seed\final_six_figures_v5_c5_revised_20260804_r2\fig6\metrics\panel_a_statistics.csv
fig6,a,P_target,,10.0,10.0,10.0,percent,20,,,,,,descriptive_only,results\paper_figure_multi_seed\final_six_figures_v5_c5_revised_20260804_r2\fig6\metrics\panel_a_statistics.csv
fig6,a,P_target,,10.030000000000001,10.014074474871808,10.045925525128194,percent,20,,,,,,descriptive_only,results\paper_figure_multi_seed\final_six_figures_v5_c5_revised_20260804_r2\fig6\metrics\panel_a_statistics.csv
fig6,a,P_target,,12.33625,12.162685893525838,12.509814106474161,percent,20,,,,,,descriptive_only,results\paper_figure_multi_seed\final_six_figures_v5_c5_revised_20260804_r2\fig6\metrics\panel_a_statistics.csv
fig6,a,P_target,,29.485000000000003,29.061579330652325,29.90842066934768,percent,20,,,,,,descriptive_only,results\paper_figure_multi_seed\final_six_figures_v5_c5_revised_20260804_r2\fig6\metrics\panel_a_statistics.csv
fig6,a,P_target,,75.09625000000001,74.2255168162979,75.96698318370213,percent,20,,,,,,descriptive_only,results\paper_figure_multi_seed\final_six_figures_v5_c5_revised_20260804_r2\fig6\metrics\panel_a_statistics.csv
fig6,a,P_target,,87.53999999999999,86.8925298686032,88.18747013139678,percent,20,,,,,,descriptive_only,results\paper_figure_multi_seed\final_six_figures_v5_c5_revised_20260804_r2\fig6\metrics\panel_a_statistics.csv
fig6,a,P_target,,87.8,86.77744644060687,88.82255355939313,percent,20,,,,,,descriptive_only,results\paper_figure_multi_seed\final_six_figures_v5_c5_revised_20260804_r2\fig6\metrics\panel_a_statistics.csv
fig6,a,SAB_vs_S0_auc_gain,SAB_vs_S0_auc_gain,0.4208963815789473,0.4167524515293757,0.42504031162851896,normalized_auc_gain,20,one_sample_t,two-sided,1.5141056040636662e-33,3.0282112081273324e-33,BH,predeclared_recomputed,results\paper_figure_multi_seed\final_six_figures_v5_c5_revised_20260804_r2\fig6\metrics\panel_a_statistics.csv
fig6,a,SAB_vs_relevant_single_auc_gain,SAB_vs_relevant_single_auc_gain,0.05583980263157887,0.05313764548125174,0.05854195978190601,normalized_auc_gain,20,one_sample_t,two-sided,1.9105617510915386e-20,2.5474156681220514e-20,BH,predeclared_recomputed,results\paper_figure_multi_seed\final_six_figures_v5_c5_revised_20260804_r2\fig6\metrics\panel_a_statistics.csv
fig6,a,SAB_vs_S0_auc_gain,SAB_vs_S0_auc_gain,0.49737861842105263,0.49252449366291706,0.5022327431791882,normalized_auc_gain,20,one_sample_t,two-sided,1.2815344645461648e-33,3.0282112081273324e-33,BH,predeclared_recomputed,results\paper_figure_multi_seed\final_six_figures_v5_c5_revised_20260804_r2\fig6\metrics\panel_a_statistics.csv
fig6,a,SAB_vs_relevant_single_auc_gain,SAB_vs_relevant_single_auc_gain,0.009954276315789434,0.00754308458104654,0.01236546805053233,normalized_auc_gain,20,one_sample_t,two-sided,5.238745737635114e-08,5.238745737635114e-08,BH,predeclared_recomputed,results\paper_figure_multi_seed\final_six_figures_v5_c5_revised_20260804_r2\fig6\metrics\panel_a_statistics.csv
fig6,b,P_target_cue_only,,14.5,9.826018076806687,19.173981923193313,percent,20,,,,,,descriptive_only,results\paper_figure_multi_seed\final_six_figures_v5_c5_revised_20260804_r2\fig6\metrics\panel_b_absolute_access_statistics.csv
fig6,b,P_target_sequence_state,,33.65,29.381389377334415,37.91861062266558,percent,20,,,,,,descriptive_only,results\paper_figure_multi_seed\final_six_figures_v5_c5_revised_20260804_r2\fig6\metrics\panel_b_absolute_access_statistics.csv
fig6,b,P_target_single_item_memory,,14.5,9.826018076806687,19.173981923193313,percent,20,,,,,,descriptive_only,results\paper_figure_multi_seed\final_six_figures_v5_c5_revised_20260804_r2\fig6\metrics\panel_b_absolute_access_statistics.csv
fig6,b,P_target_cue_only,,8.5,5.0125446898128985,11.987455310187102,percent,20,,,,,,descriptive_only,results\paper_figure_multi_seed\final_six_figures_v5_c5_revised_20260804_r2\fig6\metrics\panel_b_absolute_access_statistics.csv
fig6,b,P_target_sequence_state,,38.0,34.7681847933999,41.2318152066001,percent,20,,,,,,descriptive_only,results\paper_figure_multi_seed\final_six_figures_v5_c5_revised_20260804_r2\fig6\metrics\panel_b_absolute_access_statistics.csv
fig6,b,P_target_single_item_memory,,8.5,5.0125446898128985,11.987455310187102,percent,20,,,,,,descriptive_only,results\paper_figure_multi_seed\final_six_figures_v5_c5_revised_20260804_r2\fig6\metrics\panel_b_absolute_access_statistics.csv
fig6,b,P_target_cue_only,,8.5,3.8756108001405583,13.124389199859442,percent,20,,,,,,descriptive_only,results\paper_figure_multi_seed\final_six_figures_v5_c5_revised_20260804_r2\fig6\metrics\panel_b_absolute_access_statistics.csv
fig6,b,P_target_sequence_state,,38.9,33.9402558179571,43.859744182042895,percent,20,,,,,,descriptive_only,results\paper_figure_multi_seed\final_six_figures_v5_c5_revised_20260804_r2\fig6\metrics\panel_b_absolute_access_statistics.csv
fig6,b,P_target_single_item_memory,,8.5,3.8756108001405583,13.124389199859442,percent,20,,,,,,descriptive_only,results\paper_figure_multi_seed\final_six_figures_v5_c5_revised_20260804_r2\fig6\metrics\panel_b_absolute_access_statistics.csv
fig6,b,P_target_cue_only,,14.0,9.869398685086495,18.130601314913505,percent,20,,,,,,descriptive_only,results\paper_figure_multi_seed\final_six_figures_v5_c5_revised_20260804_r2\fig6\metrics\panel_b_absolute_access_statistics.csv
fig6,b,P_target_sequence_state,,40.45,35.896011101006316,45.00398889899369,percent,20,,,,,,descriptive_only,results\paper_figure_multi_seed\final_six_figures_v5_c5_revised_20260804_r2\fig6\metrics\panel_b_absolute_access_statistics.csv
fig6,b,P_target_single_item_memory,,14.0,9.869398685086495,18.130601314913505,percent,20,,,,,,descriptive_only,results\paper_figure_multi_seed\final_six_figures_v5_c5_revised_20260804_r2\fig6\metrics\panel_b_absolute_access_statistics.csv
fig6,b,P_target_cue_only,,9.5,6.287863895426078,12.712136104573922,percent,20,,,,,,descriptive_only,results\paper_figure_multi_seed\final_six_figures_v5_c5_revised_20260804_r2\fig6\metrics\panel_b_absolute_access_statistics.csv
fig6,b,P_target_sequence_state,,38.9,34.3196965481747,43.4803034518253,percent,20,,,,,,descriptive_only,results\paper_figure_multi_seed\final_six_figures_v5_c5_revised_20260804_r2\fig6\metrics\panel_b_absolute_access_statistics.csv
fig6,b,P_target_single_item_memory,,9.5,6.287863895426078,12.712136104573922,percent,20,,,,,,descriptive_only,results\paper_figure_multi_seed\final_six_figures_v5_c5_revised_20260804_r2\fig6\metrics\panel_b_absolute_access_statistics.csv
fig6,b,P_target_cue_only,,7.0,2.9539933387445636,11.046006661255436,percent,20,,,,,,descriptive_only,results\paper_figure_multi_seed\final_six_figures_v5_c5_revised_20260804_r2\fig6\metrics\panel_b_absolute_access_statistics.csv
fig6,b,P_target_sequence_state,,43.55,37.75108272014992,49.34891727985008,percent,20,,,,,,descriptive_only,results\paper_figure_multi_seed\final_six_figures_v5_c5_revised_20260804_r2\fig6\metrics\panel_b_absolute_access_statistics.csv
fig6,b,P_target_single_item_memory,,7.0,2.9539933387445636,11.046006661255436,percent,20,,,,,,descriptive_only,results\paper_figure_multi_seed\final_six_figures_v5_c5_revised_20260804_r2\fig6\metrics\panel_b_absolute_access_statistics.csv
fig6,b,P_target_cue_only,,11.5,6.401344202891428,16.59865579710857,percent,20,,,,,,descriptive_only,results\paper_figure_multi_seed\final_six_figures_v5_c5_revised_20260804_r2\fig6\metrics\panel_b_absolute_access_statistics.csv
fig6,b,P_target_sequence_state,,45.0,41.69412376917995,48.30587623082005,percent,20,,,,,,descriptive_only,results\paper_figure_multi_seed\final_six_figures_v5_c5_revised_20260804_r2\fig6\metrics\panel_b_absolute_access_statistics.csv
fig6,b,P_target_single_item_memory,,11.5,6.490300964968607,16.509699035031392,percent,20,,,,,,descriptive_only,results\paper_figure_multi_seed\final_six_figures_v5_c5_revised_20260804_r2\fig6\metrics\panel_b_absolute_access_statistics.csv
fig6,b,P_target_cue_only,,10.0,5.705205259567245,14.294794740432755,percent,20,,,,,,descriptive_only,results\paper_figure_multi_seed\final_six_figures_v5_c5_revised_20260804_r2\fig6\metrics\panel_b_absolute_access_statistics.csv
fig6,b,P_target_sequence_state,,49.2,44.25259032508227,54.14740967491774,percent,20,,,,,,descriptive_only,results\paper_figure_multi_seed\final_six_figures_v5_c5_revised_20260804_r2\fig6\metrics\panel_b_absolute_access_statistics.csv
fig6,b,P_target_single_item_memory,,11.8,7.721075362313143,15.878924637686858,percent,20,,,,,,descriptive_only,results\paper_figure_multi_seed\final_six_figures_v5_c5_revised_20260804_r2\fig6\metrics\panel_b_absolute_access_statistics.csv
fig6,b,P_target_cue_only,,6.5,3.0125446898128985,9.987455310187102,percent,20,,,,,,descriptive_only,results\paper_figure_multi_seed\final_six_figures_v5_c5_revised_20260804_r2\fig6\metrics\panel_b_absolute_access_statistics.csv
fig6,b,P_target_sequence_state,,61.95,56.30011018724548,67.59988981275453,percent,20,,,,,,descriptive_only,results\paper_figure_multi_seed\final_six_figures_v5_c5_revised_20260804_r2\fig6\metrics\panel_b_absolute_access_statistics.csv
fig6,b,P_target_single_item_memory,,33.05,29.673477961823288,36.42652203817671,percent,20,,,,,,descriptive_only,results\paper_figure_multi_seed\final_six_figures_v5_c5_revised_20260804_r2\fig6\metrics\panel_b_absolute_access_statistics.csv
fig6,b,P_target_cue_only,,10.0,5.705205259567245,14.294794740432755,percent,20,,,,,,descriptive_only,results\paper_figure_multi_seed\final_six_figures_v5_c5_revised_20260804_r2\fig6\metrics\panel_b_absolute_access_statistics.csv
fig6,b,P_target_sequence_state,,76.6,72.53579872572445,80.66420127427554,percent,20,,,,,,descriptive_only,results\paper_figure_multi_seed\final_six_figures_v5_c5_revised_20260804_r2\fig6\metrics\panel_b_absolute_access_statistics.csv
fig6,b,P_target_single_item_memory,,72.15,67.83038061663223,76.46961938336779,percent,20,,,,,,descriptive_only,results\paper_figure_multi_seed\final_six_figures_v5_c5_revised_20260804_r2\fig6\metrics\panel_b_absolute_access_statistics.csv
fig6,b,sequence_minus_singleton_access_gain,,19.15,13.335596941929225,24.964403058070772,percent,20,,,,,,descriptive_only,results\paper_figure_multi_seed\final_six_figures_v5_c5_revised_20260804_r2\fig6\metrics\panel_b_statistics.csv
fig6,b,sequence_minus_singleton_access_gain,,29.5,25.597581605570163,33.40241839442984,percent,20,,,,,,descriptive_only,results\paper_figure_multi_seed\final_six_figures_v5_c5_revised_20260804_r2\fig6\metrics\panel_b_statistics.csv
fig6,b,sequence_minus_singleton_access_gain,,30.4,23.596782134287494,37.2032178657125,percent,20,,,,,,descriptive_only,results\paper_figure_multi_seed\final_six_figures_v5_c5_revised_20260804_r2\fig6\metrics\panel_b_statistics.csv
fig6,b,sequence_minus_singleton_access_gain,,26.45,20.253214290823628,32.64678570917637,percent,20,,,,,,descriptive_only,results\paper_figure_multi_seed\final_six_figures_v5_c5_revised_20260804_r2\fig6\metrics\panel_b_statistics.csv
fig6,b,sequence_minus_singleton_access_gain,,29.4,24.39053108964017,34.40946891035983,percent,20,,,,,,descriptive_only,results\paper_figure_multi_seed\final_six_figures_v5_c5_revised_20260804_r2\fig6\metrics\panel_b_statistics.csv
fig6,b,sequence_minus_singleton_access_gain,,36.55,29.211876266016397,43.8881237339836,percent,20,,,,,,descriptive_only,results\paper_figure_multi_seed\final_six_figures_v5_c5_revised_20260804_r2\fig6\metrics\panel_b_statistics.csv
fig6,b,sequence_minus_singleton_access_gain,,33.5,27.415812716541176,39.584187283458824,percent,20,,,,,,descriptive_only,results\paper_figure_multi_seed\final_six_figures_v5_c5_revised_20260804_r2\fig6\metrics\panel_b_statistics.csv
fig6,b,sequence_minus_singleton_access_gain,,37.4,31.30842749761759,43.49157250238241,percent,20,,,,,,descriptive_only,results\paper_figure_multi_seed\final_six_figures_v5_c5_revised_20260804_r2\fig6\metrics\panel_b_statistics.csv
fig6,b,sequence_minus_singleton_access_gain,,28.9,25.212036474445114,32.58796352555488,percent,20,,,,,,descriptive_only,results\paper_figure_multi_seed\final_six_figures_v5_c5_revised_20260804_r2\fig6\metrics\panel_b_statistics.csv
fig6,b,sequence_minus_singleton_access_gain,,4.45,1.6938131748441072,7.206186825155893,percent,20,,,,,,descriptive_only,results\paper_figure_multi_seed\final_six_figures_v5_c5_revised_20260804_r2\fig6\metrics\panel_b_statistics.csv
fig6,b,sequence_minus_singleton_access_gain,mean_sequence_minus_singleton_access_gain_vs_zero,27.57,25.980193388087915,29.159806611912085,percent,20,one_sample_t,two-sided,5.143735083039141e-19,5.143735083039141e-19,BH,predeclared_recomputed,results\paper_figure_multi_seed\final_six_figures_v5_c5_revised_20260804_r2\fig6\metrics\panel_b_statistics.csv
fig6,c,target_probability,,37.1,33.18755042357097,41.012449576429034,percent,20,,,,,,descriptive_only,results\paper_figure_multi_seed\final_six_figures_v5_c5_revised_20260804_r2\fig6\metrics\panel_c_position_statistics.csv
fig6,c,target_probability,,39.75,35.129663590860666,44.370336409139334,percent,20,,,,,,descriptive_only,results\paper_figure_multi_seed\final_six_figures_v5_c5_revised_20260804_r2\fig6\metrics\panel_c_position_statistics.csv
fig6,c,target_probability,,43.95,39.68895808147645,48.211041918523556,percent,20,,,,,,descriptive_only,results\paper_figure_multi_seed\final_six_figures_v5_c5_revised_20260804_r2\fig6\metrics\panel_c_position_statistics.csv
fig6,c,target_probability,,41.0,36.575631779392246,45.424368220607754,percent,20,,,,,,descriptive_only,results\paper_figure_multi_seed\final_six_figures_v5_c5_revised_20260804_r2\fig6\metrics\panel_c_position_statistics.csv
fig6,c,target_probability,,47.55,41.93285217757104,53.16714782242895,percent,20,,,,,,descriptive_only,results\paper_figure_multi_seed\final_six_figures_v5_c5_revised_20260804_r2\fig6\metrics\panel_c_position_statistics.csv
fig6,c,target_probability,,56.9,51.0843578787435,62.715642121256494,percent,20,,,,,,descriptive_only,results\paper_figure_multi_seed\final_six_figures_v5_c5_revised_20260804_r2\fig6\metrics\panel_c_position_statistics.csv
fig6,c,target_probability,,78.1,74.77708036774759,81.4229196322524,percent,20,,,,,,descriptive_only,results\paper_figure_multi_seed\final_six_figures_v5_c5_revised_20260804_r2\fig6\metrics\panel_c_position_statistics.csv
fig6,c,target_probability,,38.25,34.628355286958595,41.871644713041405,percent,20,,,,,,descriptive_only,results\paper_figure_multi_seed\final_six_figures_v5_c5_revised_20260804_r2\fig6\metrics\panel_c_position_statistics.csv
fig6,c,target_probability,,37.85,34.65667137022069,41.04332862977931,percent,20,,,,,,descriptive_only,results\paper_figure_multi_seed\final_six_figures_v5_c5_revised_20260804_r2\fig6\metrics\panel_c_position_statistics.csv
fig6,c,target_probability,,40.9,37.01712787812692,44.782872121873076,percent,20,,,,,,descriptive_only,results\paper_figure_multi_seed\final_six_figures_v5_c5_revised_20260804_r2\fig6\metrics\panel_c_position_statistics.csv
fig6,c,target_probability,,40.4,37.56169626036526,43.23830373963474,percent,20,,,,,,descriptive_only,results\paper_figure_multi_seed\final_six_figures_v5_c5_revised_20260804_r2\fig6\metrics\panel_c_position_statistics.csv
fig6,c,target_probability,,43.55,39.752459650738516,47.34754034926148,percent,20,,,,,,descriptive_only,results\paper_figure_multi_seed\final_six_figures_v5_c5_revised_20260804_r2\fig6\metrics\panel_c_position_statistics.csv
fig6,c,target_probability,,45.7,41.59431325055778,49.80568674944222,percent,20,,,,,,descriptive_only,results\paper_figure_multi_seed\final_six_figures_v5_c5_revised_20260804_r2\fig6\metrics\panel_c_position_statistics.csv
fig6,c,target_probability,,62.35,58.72072373425664,65.97927626574337,percent,20,,,,,,descriptive_only,results\paper_figure_multi_seed\final_six_figures_v5_c5_revised_20260804_r2\fig6\metrics\panel_c_position_statistics.csv
fig6,c,target_probability,,5.0,3.947994433595083,6.052005566404917,percent,20,,,,,,descriptive_only,results\paper_figure_multi_seed\final_six_figures_v5_c5_revised_20260804_r2\fig6\metrics\panel_c_position_statistics.csv
fig6,c,target_probability,,5.6,4.281491019925991,6.918508980074009,percent,20,,,,,,descriptive_only,results\paper_figure_multi_seed\final_six_figures_v5_c5_revised_20260804_r2\fig6\metrics\panel_c_position_statistics.csv
fig6,c,target_probability,,5.7,4.242772916833335,7.157227083166665,percent,20,,,,,,descriptive_only,results\paper_figure_multi_seed\final_six_figures_v5_c5_revised_20260804_r2\fig6\metrics\panel_c_position_statistics.csv
fig6,c,target_probability,,6.55,5.53735925587328,7.562640744126719,percent,20,,,,,,descriptive_only,results\paper_figure_multi_seed\final_six_figures_v5_c5_revised_20260804_r2\fig6\metrics\panel_c_position_statistics.csv
fig6,c,target_probability,,5.75,4.677644278125469,6.822355721874531,percent,20,,,,,,descriptive_only,results\paper_figure_multi_seed\final_six_figures_v5_c5_revised_20260804_r2\fig6\metrics\panel_c_position_statistics.csv
fig6,c,target_probability,,5.8,4.657633037606454,6.942366962393546,percent,20,,,,,,descriptive_only,results\paper_figure_multi_seed\final_six_figures_v5_c5_revised_20260804_r2\fig6\metrics\panel_c_position_statistics.csv
fig6,c,target_probability,,12.8,11.105051760354787,14.494948239645215,percent,20,,,,,,descriptive_only,results\paper_figure_multi_seed\final_six_figures_v5_c5_revised_20260804_r2\fig6\metrics\panel_c_position_statistics.csv
fig6,c,matched_minus_same_label_novel,matched_minus_same_label_novel,5.05,3.502967997314754,6.597032002685246,percent,20,one_sample_t,two-sided,1.604931841882471e-06,1.604931841882471e-06,BH,predeclared_recomputed,results\paper_figure_multi_seed\final_six_figures_v5_c5_revised_20260804_r2\fig6\metrics\panel_c_statistics.csv
fig6,c,matched_minus_unseen,matched_minus_unseen,42.45,40.53418161720109,44.36581838279891,percent,20,one_sample_t,two-sided,5.138030957759312e-21,1.0276061915518624e-20,BH,predeclared_recomputed,results\paper_figure_multi_seed\final_six_figures_v5_c5_revised_20260804_r2\fig6\metrics\panel_c_statistics.csv
fig6,d,rescued_fraction,,0.018333333333333313,0.0076262129847535845,0.02904045368191304,fraction,20,,,,,,descriptive_only,results\paper_figure_multi_seed\final_six_figures_v5_c5_revised_20260804_r2\fig6\metrics\panel_d_statistics.csv
fig6,d,rescued_fraction,,0.059999999999999984,0.03647644040810434,0.08352355959189563,fraction,20,,,,,,descriptive_only,results\paper_figure_multi_seed\final_six_figures_v5_c5_revised_20260804_r2\fig6\metrics\panel_d_statistics.csv
fig6,d,rescued_fraction,,0.2599999999999999,0.23022757473487107,0.28977242526512875,fraction,20,,,,,,descriptive_only,results\paper_figure_multi_seed\final_six_figures_v5_c5_revised_20260804_r2\fig6\metrics\panel_d_statistics.csv
fig6,d,rescued_fraction,,0.3366666666666666,0.3031308856973152,0.370202447636018,fraction,20,,,,,,descriptive_only,results\paper_figure_multi_seed\final_six_figures_v5_c5_revised_20260804_r2\fig6\metrics\panel_d_statistics.csv
fig6,d,rescued_fraction,,0.127,0.1058997035991231,0.1481002964008769,fraction,20,,,,,,descriptive_only,results\paper_figure_multi_seed\final_six_figures_v5_c5_revised_20260804_r2\fig6\metrics\panel_d_statistics.csv
fig6,d,rescued_fraction,,0.323,0.3030222785696482,0.3429777214303518,fraction,20,,,,,,descriptive_only,results\paper_figure_multi_seed\final_six_figures_v5_c5_revised_20260804_r2\fig6\metrics\panel_d_statistics.csv
fig6,d,rescued_fraction,,0.48299999999999993,0.46104292751913956,0.5049570724808603,fraction,20,,,,,,descriptive_only,results\paper_figure_multi_seed\final_six_figures_v5_c5_revised_20260804_r2\fig6\metrics\panel_d_statistics.csv
fig6,d,rescued_fraction,,0.354,0.3271618280106743,0.3808381719893257,fraction,20,,,,,,descriptive_only,results\paper_figure_multi_seed\final_six_figures_v5_c5_revised_20260804_r2\fig6\metrics\panel_d_statistics.csv
fig6,d,rescued_fraction,,0.30071428571428566,0.2799675111379004,0.3214610602906709,fraction,20,,,,,,descriptive_only,results\paper_figure_multi_seed\final_six_figures_v5_c5_revised_20260804_r2\fig6\metrics\panel_d_statistics.csv
fig6,d,rescued_fraction,,0.4542857142857143,0.43147300098234,0.4770984275890886,fraction,20,,,,,,descriptive_only,results\paper_figure_multi_seed\final_six_figures_v5_c5_revised_20260804_r2\fig6\metrics\panel_d_statistics.csv
fig6,d,rescued_fraction,,0.5607142857142856,0.5427118949236824,0.5787166765048888,fraction,20,,,,,,descriptive_only,results\paper_figure_multi_seed\final_six_figures_v5_c5_revised_20260804_r2\fig6\metrics\panel_d_statistics.csv
fig6,d,rescued_fraction,,0.3557142857142857,0.32566481225883254,0.3857637591697389,fraction,20,,,,,,descriptive_only,results\paper_figure_multi_seed\final_six_figures_v5_c5_revised_20260804_r2\fig6\metrics\panel_d_statistics.csv
fig6,d,rescued_fraction,,0.477,0.46522842280144044,0.4887715771985595,fraction,20,,,,,,descriptive_only,results\paper_figure_multi_seed\final_six_figures_v5_c5_revised_20260804_r2\fig6\metrics\panel_d_statistics.csv
fig6,d,rescued_fraction,,0.5750000000000001,0.5600066138264702,0.5899933861735299,fraction,20,,,,,,descriptive_only,results\paper_figure_multi_seed\final_six_figures_v5_c5_revised_20260804_r2\fig6\metrics\panel_d_statistics.csv
fig6,d,rescued_fraction,,0.6165,0.5954448262753477,0.6375551737246524,fraction,20,,,,,,descriptive_only,results\paper_figure_multi_seed\final_six_figures_v5_c5_revised_20260804_r2\fig6\metrics\panel_d_statistics.csv
fig6,d,rescued_fraction,,0.3745,0.3522107290389211,0.3967892709610789,fraction,20,,,,,,descriptive_only,results\paper_figure_multi_seed\final_six_figures_v5_c5_revised_20260804_r2\fig6\metrics\panel_d_statistics.csv
fig6,d,rescued_fraction,standardized_seq_len_x_delay_interaction,-0.06642358565149811,-0.0738777311558491,-0.05896944014714713,standardized_interaction_coefficient,20,one_sample_t,two-sided,1.1291372658749466e-13,1.1291372658749466e-13,none,predeclared_recomputed,results\paper_figure_multi_seed\final_six_figures_v5_c5_revised_20260804_r2\fig6\metrics\panel_d_statistics.csv
fig6,e,recruitment_loss,,3.3138802798431093,3.2850507427068494,3.342709816979369,percent,20,,,,,,descriptive_only,results\paper_figure_multi_seed\final_six_figures_v5_c5_revised_20260804_r2\fig6\metrics\panel_e_statistics.csv
fig6,e,recruitment_loss,,0.793074924068132,0.7571834564129688,0.8289663917232951,percent,20,,,,,,descriptive_only,results\paper_figure_multi_seed\final_six_figures_v5_c5_revised_20260804_r2\fig6\metrics\panel_e_statistics.csv
fig6,e,high_stsp_overlap_minus_matched_loss,high_stsp_overlap_minus_matched_loss,2.5208053557749777,2.4827759640342957,2.5588347475156596,percent,20,one_sample_t,two-sided,5.005471715755066e-30,5.005471715755066e-30,BH,predeclared_recomputed,results\paper_figure_multi_seed\final_six_figures_v5_c5_revised_20260804_r2\fig6\metrics\panel_e_statistics.csv
fig6,f,early_firing_delta,,0.0,0.0,0.0,percentage_points,20,,,,,,descriptive_only,results\paper_figure_multi_seed\final_six_figures_v5_c5_revised_20260804_r2\fig6\metrics\panel_f_statistics.csv
fig6,f,early_firing_delta,,0.0,0.0,0.0,percentage_points,20,,,,,,descriptive_only,results\paper_figure_multi_seed\final_six_figures_v5_c5_revised_20260804_r2\fig6\metrics\panel_f_statistics.csv
fig6,f,early_firing_delta,,16.65937183558285,16.596127198405565,16.722616472760134,percentage_points,20,,,,,,descriptive_only,results\paper_figure_multi_seed\final_six_figures_v5_c5_revised_20260804_r2\fig6\metrics\panel_f_statistics.csv
fig6,f,early_firing_delta,,0.6626069634520876,0.6320662456614954,0.6931476812426798,percentage_points,20,,,,,,descriptive_only,results\paper_figure_multi_seed\final_six_figures_v5_c5_revised_20260804_r2\fig6\metrics\panel_f_statistics.csv
fig6,f,overlap_gated_stsp_interaction,stsp_effect_with_overlap_minus_without_overlap_at_10ms,15.99676487213076,15.926504996507079,16.06702474775444,percentage_points,20,one_sample_t,two-sided,3.3174231737946617e-40,3.3174231737946617e-40,BH,predeclared_recomputed,results\paper_figure_multi_seed\final_six_figures_v5_c5_revised_20260804_r2\fig6\metrics\panel_f_statistics.csv
s2,a,100_minus_1200_accuracy_gap,,19,,,,20,,two-sided,1.90734863281e-06,7.62939453125e-06,Holm,primary,metrics/primary_tests.csv
s2,b,100_minus_1200_sample_bias,,5.85,,,,20,,two-sided,1.90734863281e-06,7.62939453125e-06,Holm,primary,metrics/primary_tests.csv
s2,c,paired_net_donor_flux,,4.25,,,,20,,two-sided,3.81469726562e-06,7.62939453125e-06,Holm,primary,metrics/primary_tests.csv
s2,d,difference_in_donor_excess,,3.7808794927,,,,20,,two-sided,3.81469726562e-06,7.62939453125e-06,Holm,primary,metrics/primary_tests.csv
s2,b,layer1_only_layer2_update_donor_transfer,,0.808631998692,,,,20,,greater,9.53674316406e-07,7.62939453125e-06,Holm,confirmatory,metrics/primary_tests.csv
s2,b,layer1_only_early_class_score_donor_transfer,,0.520979889966,,,,20,,greater,9.53674316406e-07,7.62939453125e-06,Holm,confirmatory,metrics/primary_tests.csv
s2,c,Early L3_Alignment_above_null,,0.464652452005,,,,20,,greater,9.53674316406e-07,5.72204589844e-06,Holm,primary,metrics/primary_tests.csv
s2,c,Early L3_Median DTI_above_null,,0.538431536226,,,,20,,greater,9.53674316406e-07,5.72204589844e-06,Holm,primary,metrics/primary_tests.csv
s2,c,Early L3_Positive frac._above_null,,0.2329,,,,20,,greater,9.53674316406e-07,5.72204589844e-06,Holm,primary,metrics/primary_tests.csv
s2,c,L2 update_Alignment_above_null,,0.85651010537,,,,20,,greater,9.53674316406e-07,5.72204589844e-06,Holm,primary,metrics/primary_tests.csv
s2,c,L2 update_Median DTI_above_null,,0.814508946465,,,,20,,greater,9.53674316406e-07,5.72204589844e-06,Holm,primary,metrics/primary_tests.csv
s2,c,L2 update_Positive frac._above_null,,0.5,,,,20,,greater,9.53674316406e-07,5.72204589844e-06,Holm,primary,metrics/primary_tests.csv
s2,d,untouched_layer1_only_layer2_update_donor_transfer,,0.808653506071,,,,19,,greater,1.90734863281e-06,1.52587890625e-05,Holm,confirmatory,metrics/primary_tests.csv
s2,d,untouched_layer1_only_early_class_score_donor_transfer,,0.519033178467,,,,19,,greater,1.90734863281e-06,1.52587890625e-05,Holm,confirmatory,metrics/primary_tests.csv
s2,a,minimum_overlap_minus_probe,,8.66841898931,,,,20,,two-sided,1.90734863281e-06,1.14440917969e-05,Holm,primary,metrics/primary_tests.csv
s2,a,minimum_overlap_minus_random,,10.7176607382,,,,20,,two-sided,1.90734863281e-06,1.14440917969e-05,Holm,primary,metrics/primary_tests.csv
s2,b,minimum_across_winner_caps,,0.117658803829,,,,20,,two-sided,0.00228118896484,0.00228118896484,Holm,primary,metrics/primary_tests.csv
s2,c,minimum_across_distance_limits,,0.160313619631,,,,20,,two-sided,1.52587890625e-05,3.0517578125e-05,Holm,primary,metrics/primary_tests.csv
s2,d,attenuation_disrupted_fraction,,66.9806534671,,,,20,,two-sided,1.90734863281e-06,1.14440917969e-05,Holm,primary,metrics/primary_tests.csv
s2,d,reset_minus_attenuation_disruption,,33.0193465329,,,,20,,two-sided,1.90734863281e-06,1.14440917969e-05,Holm,primary,metrics/primary_tests.csv
s2,a,all20_early_layer2_event_map_donor_transfer_K1,,0.337445154118,,,,20,,greater,9.53674316406e-07,3.81469726562e-06,Holm,confirmatory,metrics/primary_tests.csv
s2,a,all20_early_layer2_event_map_donor_transfer_K5,,0.343868103524,,,,20,,greater,9.53674316406e-07,3.81469726562e-06,Holm,confirmatory,metrics/primary_tests.csv
s2,b,all20_layer3_successor_ux_donor_transfer_K1,,0.282558263335,,,,20,,greater,9.53674316406e-07,3.81469726562e-06,Holm,confirmatory,metrics/primary_tests.csv
s2,b,all20_layer3_successor_ux_donor_transfer_K5,,0.290808300055,,,,20,,greater,9.53674316406e-07,3.81469726562e-06,Holm,confirmatory,metrics/primary_tests.csv
s2,c,confirm19_early_layer2_event_map_donor_transfer_K1,,0.337250012984,,,,19,,greater,1.90734863281e-06,7.62939453125e-06,Holm,confirmatory,metrics/primary_tests.csv
s2,c,confirm19_early_layer2_event_map_donor_transfer_K5,,0.344057796228,,,,19,,greater,1.90734863281e-06,7.62939453125e-06,Holm,confirmatory,metrics/primary_tests.csv
s2,c,confirm19_layer3_successor_ux_donor_transfer_K1,,0.282366911105,,,,19,,greater,1.90734863281e-06,7.62939453125e-06,Holm,confirmatory,metrics/primary_tests.csv
s2,c,confirm19_layer3_successor_ux_donor_transfer_K5,,0.290586557318,,,,19,,greater,1.90734863281e-06,7.62939453125e-06,Holm,confirmatory,metrics/primary_tests.csv
s2,b,per_network_worst_stage_joint_displacement,,0.48902545391,,,,20,,two-sided,1.90734863281e-06,1.90734863281e-06,Holm,primary,metrics/primary_tests.csv
s2,c,u_cross_stage,,0.261394892354,,,,20,,two-sided,1.90734863281e-06,1.14440917969e-05,Holm,primary,metrics/primary_tests.csv
s2,c,u_early_minus_late,,0.0814693281337,,,,20,,two-sided,1.90734863281e-06,1.14440917969e-05,Holm,primary,metrics/primary_tests.csv
s2,c,u_terminal_k10,,0.219567317377,,,,20,,two-sided,1.90734863281e-06,1.14440917969e-05,Holm,primary,metrics/primary_tests.csv
s2,d,x_cross_stage,,0.802736374073,,,,20,,two-sided,1.90734863281e-06,1.14440917969e-05,Holm,primary,metrics/primary_tests.csv
s2,d,x_early_minus_late,,-0.00252281746939,,,,20,,two-sided,0.676454544067,0.676454544067,Holm,boundary,metrics/primary_tests.csv
s2,d,x_terminal_k10,,0.809729550445,,,,20,,two-sided,1.90734863281e-06,1.14440917969e-05,Holm,primary,metrics/primary_tests.csv
s2,a,minimum_effective_components_above_one,,1.99425046863,,,,20,,greater,9.53674316406e-07,1.90734863281e-06,Holm,primary,metrics/primary_tests.csv
s2,b,maximum_latest_weight_below_half,,0.164528515903,,,,20,,greater,9.53674316406e-07,1.90734863281e-06,Holm,primary,metrics/primary_tests.csv
s2,c,load_by_delay_mean_delta_g,,0.0296840642957,,,,20,,two-sided,1.90734863281e-06,5.72204589844e-06,Holm,primary,metrics/primary_tests.csv
s2,d,k10_d800_moran_excess,,0.763387551256,,,,20,,two-sided,1.90734863281e-06,5.72204589844e-06,Holm,primary,metrics/primary_tests.csv
s2,f,minimum_matched_minus_deranged,,0.133676298581,,,,20,,two-sided,1.90734863281e-06,5.72204589844e-06,Holm,primary,metrics/primary_tests.csv
s2,a,all_trials_removal_difference,,2.60696747449,,,,20,,greater,9.53674316406e-07,1.90734863281e-06,Holm,primary,metrics/primary_tests.csv
s2,a,exact_match_removal_difference,,2.52080535577,,,,20,,greater,9.53674316406e-07,1.90734863281e-06,Holm,primary,metrics/primary_tests.csv
s2,c,interaction_at_5ms,,11.7769352777,,,,20,,two-sided,1.90734863281e-06,5.72204589844e-06,Holm,primary,metrics/primary_tests.csv
s2,c,interaction_at_15ms,,18.6221379867,,,,20,,two-sided,1.90734863281e-06,5.72204589844e-06,Holm,primary,metrics/primary_tests.csv
s2,c,interaction_at_20ms,,16.147250246,,,,20,,two-sided,1.90734863281e-06,5.72204589844e-06,Holm,primary,metrics/primary_tests.csv
s2,d,q0.20_overlap0.02,,21.2555249024,,,,20,,two-sided,1.90734863281e-06,2.28881835938e-05,Holm,primary,metrics/primary_tests.csv
s2,d,q0.20_overlap0.05,,21.5099372024,,,,20,,two-sided,1.90734863281e-06,2.28881835938e-05,Holm,primary,metrics/primary_tests.csv
s2,d,q0.20_overlap0.10,,21.7290176416,,,,20,,two-sided,1.90734863281e-06,2.28881835938e-05,Holm,primary,metrics/primary_tests.csv
s2,d,q0.30_overlap0.02,,20.2614134993,,,,20,,two-sided,1.90734863281e-06,2.28881835938e-05,Holm,primary,metrics/primary_tests.csv
s2,d,q0.30_overlap0.05,,20.496737039,,,,20,,two-sided,1.90734863281e-06,2.28881835938e-05,Holm,primary,metrics/primary_tests.csv
s2,d,q0.30_overlap0.10,,20.7039208714,,,,20,,two-sided,1.90734863281e-06,2.28881835938e-05,Holm,primary,metrics/primary_tests.csv
s2,d,q0.40_overlap0.02,,18.1375332777,,,,20,,two-sided,1.90734863281e-06,2.28881835938e-05,Holm,primary,metrics/primary_tests.csv
s2,d,q0.40_overlap0.05,,18.4066039559,,,,20,,two-sided,1.90734863281e-06,2.28881835938e-05,Holm,primary,metrics/primary_tests.csv
s2,d,q0.40_overlap0.10,,18.6814082705,,,,20,,two-sided,1.90734863281e-06,2.28881835938e-05,Holm,primary,metrics/primary_tests.csv
s2,d,q0.50_overlap0.02,,15.7320941007,,,,20,,two-sided,1.90734863281e-06,2.28881835938e-05,Holm,primary,metrics/primary_tests.csv
s2,d,q0.50_overlap0.05,,15.9967648721,,,,20,,two-sided,1.90734863281e-06,2.28881835938e-05,Holm,primary,metrics/primary_tests.csv
s2,d,q0.50_overlap0.10,,16.2646715363,,,,20,,two-sided,1.90734863281e-06,2.28881835938e-05,Holm,primary,metrics/primary_tests.csv
s2,f,observed_minus_spatial_shuffle,,15.9277796109,,,,20,,two-sided,1.90734863281e-06,1.90734863281e-06,Holm,primary,metrics/primary_tests.csv
